27.87913832,32.9276644,_dI--eQ6qVU,1,2.4
45.54897959,47.78390023,_dI--eQ6qVU,2,3.0
47.78390023,59.24784581,_dI--eQ6qVU,3,-0.2
59.24784581,68.27732426,_dI--eQ6qVU,4,3.0
68.27732426,71.20068027,_dI--eQ6qVU,5,3.0
71.20068027,72.98662132,_dI--eQ6qVU,6,2.8
75.40113379,77.5462585,_dI--eQ6qVU,7,1.8
77.5462585,81.30770975,_dI--eQ6qVU,8,2.6
85.23877551,87.15442177,_dI--eQ6qVU,9,0.6
87.15442177,91.8138322,_dI--eQ6qVU,10,1.0
91.8138322,100.7734694,_dI--eQ6qVU,11,0.4
100.7734694,102.5693878,_dI--eQ6qVU,12,2.6
102.5693878,107.1489796,_dI--eQ6qVU,13,2.6
106.8795918,110.0623583,_dI--eQ6qVU,14,2.2
110.0623583,116.0487528,_dI--eQ6qVU,15,1.6
116.0487528,121.8356009,_dI--eQ6qVU,16,0.8
121.8356009,124.7190476,_dI--eQ6qVU,17,-0.25
124.7190476,127.3031746,_dI--eQ6qVU,18,0.8
127.3031746,129.2587302,_dI--eQ6qVU,19,1.4
129.2587302,130.7852608,_dI--eQ6qVU,20,0.2
130.7852608,132.3417234,_dI--eQ6qVU,21,1.8
132.3417234,133.469161,_dI--eQ6qVU,22,2.0
141.6006803,143.3566893,_dI--eQ6qVU,23,0.0
143.3566893,144.9730159,_dI--eQ6qVU,24,1.4
144.9730159,145.9707483,_dI--eQ6qVU,25,2.6
145.9707483,150.7997732,_dI--eQ6qVU,26,-0.6
154.5712018,159.4002268,_dI--eQ6qVU,27,-0.4
159.4002268,163.0818594,_dI--eQ6qVU,28,0.2
35.32222222,37.72675737,0h-zjBukYpk,1,-0.4
44.95034014,57.19251701,0h-zjBukYpk,2,-2.8
57.19251701,59.91632653,0h-zjBukYpk,3,-0.2
59.91632653,65.56349206,0h-zjBukYpk,4,-1.4
65.56349206,75.23151927,0h-zjBukYpk,5,0.8
75.23151927,83.70226757,0h-zjBukYpk,6,-1.4
83.45283447,87.92267574,0h-zjBukYpk,7,1.8
87.92267574,91.54444444,0h-zjBukYpk,8,0.8
91.54444444,93.71950113,0h-zjBukYpk,9,-1.0
93.71950113,96.33356009,0h-zjBukYpk,10,-0.6
96.33356009,98.16938776,0h-zjBukYpk,11,0.4
98.16938776,99.09727891,0h-zjBukYpk,12,-0.8
99.09727891,100.6337868,0h-zjBukYpk,13,1.25
113.7240363,121.2070295,0h-zjBukYpk,14,1.4
121.2070295,122.6038549,0h-zjBukYpk,15,0.0
123.4219955,127.1535147,0h-zjBukYpk,16,0.6
127.1535147,132.2120181,0h-zjBukYpk,17,0.2
132.2120181,137.9589569,0h-zjBukYpk,18,-2.0
137.9589569,141.2614512,0h-zjBukYpk,19,-0.4
141.2614512,147.6968254,0h-zjBukYpk,20,0.6
159.4501134,160.5376417,0h-zjBukYpk,21,2.0
160.5376417,163.6206349,0h-zjBukYpk,22,1.8
163.6206349,166.6537415,0h-zjBukYpk,23,2.6
166.6537415,167.9507937,0h-zjBukYpk,24,2.6
167.9507937,179.993424,0h-zjBukYpk,25,2.2
12.79342404,17.0138322,1DmNV9C1hbY,1,-2.0
17.0138322,21.26417234,1DmNV9C1hbY,2,1.6
21.26417234,23.91814059,1DmNV9C1hbY,3,1.0
23.91814059,31.00204082,1DmNV9C1hbY,4,2.0
31.00204082,34.2446712,1DmNV9C1hbY,5,-1.8
34.2446712,39.46281179,1DmNV9C1hbY,6,-1.6
39.46281179,44.59115646,1DmNV9C1hbY,7,-1.6
44.59115646,45.87823129,1DmNV9C1hbY,8,-1.8
45.87823129,48.25283447,1DmNV9C1hbY,9,2.2
48.25283447,49.49002268,1DmNV9C1hbY,10,2.6
57.16258503,60.03605442,1DmNV9C1hbY,11,-1.8
60.03605442,63.23877551,1DmNV9C1hbY,12,0.4
63.23877551,65.40385488,1DmNV9C1hbY,13,-1.25
65.40385488,66.84058957,1DmNV9C1hbY,14,-2.0
7.066439909,8.563038549,1iG0909rllw,1,-0.4
8.563038549,10.42879819,1iG0909rllw,2,-1.75
10.42879819,14.06054422,1iG0909rllw,3,2.0
14.06054422,17.93174603,1iG0909rllw,4,-1.2
17.93174603,20.22653061,1iG0909rllw,5,2.2
20.22653061,21.59342404,1iG0909rllw,6,1.6
21.59342404,28.71723356,1iG0909rllw,7,-0.6
28.71723356,30.60294785,1iG0909rllw,8,-2.4
30.60294785,35.62154195,1iG0909rllw,9,-0.2
35.62154195,39.28321995,1iG0909rllw,10,0.6
39.28321995,42.35623583,1iG0909rllw,11,2.2
42.35623583,43.93265306,1iG0909rllw,12,1.6
43.93265306,45.90816327,1iG0909rllw,13,1.4
45.90816327,53.98979592,1iG0909rllw,14,-0.2
56.64376417,59.56712018,1iG0909rllw,15,-1.4
59.56712018,68.37709751,1iG0909rllw,16,-1.4
68.37709751,73.33582766,1iG0909rllw,17,-1.4
73.33582766,79.86099773,1iG0909rllw,18,-1.8
79.86099773,85.59795918,1iG0909rllw,19,-1.0
85.59795918,95.31587302,1iG0909rllw,20,0.4
95.31587302,107.4882086,1iG0909rllw,21,-0.4
107.4882086,116.4877551,1iG0909rllw,22,-0.2
116.4877551,119.0619048,1iG0909rllw,23,1.8
118.9621315,120.9875283,1iG0909rllw,24,-1.0
120.9875283,123.8210884,1iG0909rllw,25,2.0
123.4419501,130.9648526,1iG0909rllw,26,-0.6
130.9648526,136.8714286,1iG0909rllw,27,1.8
136.8714286,141.2015873,1iG0909rllw,28,1.2
141.2015873,145.3321995,1iG0909rllw,29,-1.4
145.3321995,147.0183673,1iG0909rllw,30,-1.6
5.36031746,11.5861678,2iD-tVS8NPw,1,-0.5
21.21428571,24.80612245,2iD-tVS8NPw,2,2.2
24.80612245,27.08095238,2iD-tVS8NPw,3,1.4
27.08095238,32.47868481,2iD-tVS8NPw,4,2.2
32.47868481,34.16485261,2iD-tVS8NPw,5,2.0
34.16485261,36.06054422,2iD-tVS8NPw,6,2.0
35.91088435,44.76077098,2iD-tVS8NPw,7,2.4
44.76077098,46.00793651,2iD-tVS8NPw,8,1.8
46.00793651,47.95351474,2iD-tVS8NPw,9,1.4
47.95351474,50.98662132,2iD-tVS8NPw,10,2.2
50.98662132,53.50090703,2iD-tVS8NPw,11,0.2
53.50090703,54.84784581,2iD-tVS8NPw,12,1.2
54.84784581,61.93174603,2iD-tVS8NPw,13,2.2
61.93174603,69.46462585,2iD-tVS8NPw,14,-1.0
69.46462585,71.09092971,2iD-tVS8NPw,15,-1.5
71.09092971,74.24376417,2iD-tVS8NPw,16,-1.6
74.24376417,79.18253968,2iD-tVS8NPw,17,-0.6
79.18253968,81.01836735,2iD-tVS8NPw,18,0.333333333333
81.01836735,83.48276644,2iD-tVS8NPw,19,0.0
83.36303855,97.33129252,2iD-tVS8NPw,20,0.8
97.33129252,107.6977324,2iD-tVS8NPw,21,1.0
107.6977324,114.7716553,2iD-tVS8NPw,22,2.2
114.7716553,117.9344671,2iD-tVS8NPw,23,0.2
129.5281179,135.3548753,2iD-tVS8NPw,24,-1.0
135.3548753,141.3113379,2iD-tVS8NPw,25,-0.8
141.3113379,152.3263039,2iD-tVS8NPw,26,0.0
158.2229025,170.3054422,2iD-tVS8NPw,27,1.4
170.3054422,173.7077098,2iD-tVS8NPw,28,1.6
173.7077098,175.3439909,2iD-tVS8NPw,29,2.0
175.3439909,179.993424,2iD-tVS8NPw,30,-0.4
0.102267574,2.227437642,2WGyTLYerpo,1,2.0
2.227437642,2.935827664,2WGyTLYerpo,2,0.4
2.935827664,7.914512472,2WGyTLYerpo,3,0.0
7.914512472,14.65918367,2WGyTLYerpo,4,-0.4
14.65918367,18.30090703,2WGyTLYerpo,5,0.0
18.30090703,20.54580499,2WGyTLYerpo,6,2.4
20.54580499,21.98253968,2WGyTLYerpo,7,1.6
21.98253968,24.51678005,2WGyTLYerpo,8,1.8
24.51678005,31.72040816,2WGyTLYerpo,9,-0.4
37.52721088,38.93401361,2WGyTLYerpo,10,0.8
38.93401361,42.06689342,2WGyTLYerpo,11,2.2
42.06689342,43.80294785,2WGyTLYerpo,12,1.2
43.80294785,47.96349206,2WGyTLYerpo,13,2.0
47.96349206,49.27052154,2WGyTLYerpo,14,0.2
49.27052154,50.5675737,2WGyTLYerpo,15,0.5
50.5675737,52.85238095,2WGyTLYerpo,16,2.0
52.85238095,55.22698413,2WGyTLYerpo,17,2.6
55.22698413,56.51405896,2WGyTLYerpo,18,2.2
58.80884354,63.61791383,2WGyTLYerpo,19,1.4
63.61791383,64.66553288,2WGyTLYerpo,20,1.0
64.66553288,65.62335601,2WGyTLYerpo,21,0.8
65.62335601,67.50907029,2WGyTLYerpo,22,-0.8
67.50907029,68.7462585,2WGyTLYerpo,23,0.0
68.7462585,79.66145125,2WGyTLYerpo,24,1.6
79.66145125,80.55941043,2WGyTLYerpo,25,1.8
80.55941043,83.47278912,2WGyTLYerpo,26,1.8
83.47278912,85.069161,2WGyTLYerpo,27,1.8
85.069161,87.4537415,2WGyTLYerpo,28,2.4
87.4537415,90.27732426,2WGyTLYerpo,29,0.6
90.27732426,91.84376417,2WGyTLYerpo,30,-0.2
91.84376417,94.31814059,2WGyTLYerpo,31,2.0
94.31814059,95.50544218,2WGyTLYerpo,32,2.2
95.50544218,96.9122449,2WGyTLYerpo,33,1.2
96.9122449,98.64829932,2WGyTLYerpo,34,0.6
98.64829932,100.7335601,2WGyTLYerpo,35,2.2
100.7335601,102.8188209,2WGyTLYerpo,36,1.2
102.8188209,104.6346939,2WGyTLYerpo,37,1.4
104.6346939,110.4514739,2WGyTLYerpo,38,1.0
114.5521542,116.7671202,2WGyTLYerpo,39,-0.6
116.7671202,118.6029478,2WGyTLYerpo,40,0.6
118.6029478,121.5562358,2WGyTLYerpo,41,0.6
121.5562358,123.4219955,2WGyTLYerpo,42,0.0
123.4219955,127.2133787,2WGyTLYerpo,43,2.0
127.652381,127.652381,2WGyTLYerpo,44,0.2
127.652381,129.468254,2WGyTLYerpo,45,0.2
129.468254,130.6954649,2WGyTLYerpo,46,1.4
130.9947846,132.4913832,2WGyTLYerpo,47,0.0
133.1698413,134.1376417,2WGyTLYerpo,48,-1.0
134.1376417,136.3426304,2WGyTLYerpo,49,-0.6
136.3426304,139.1263039,2WGyTLYerpo,50,-1.8
139.1263039,143.1970522,2WGyTLYerpo,51,-0.6
143.1970522,144.8433107,2WGyTLYerpo,52,0.0
148.4650794,149.8120181,2WGyTLYerpo,53,-1.0
149.8120181,152.2664399,2WGyTLYerpo,54,-2.0
152.2664399,157.5244898,2WGyTLYerpo,55,-1.0
157.5244898,162.2238095,2WGyTLYerpo,56,-0.4
162.2238095,166.7535147,2WGyTLYerpo,57,-1.6
166.7535147,170.914059,2WGyTLYerpo,58,-1.4
170.824263,172.670068,2WGyTLYerpo,59,2.0
172.670068,174.3462585,2WGyTLYerpo,60,2.2
174.3462585,175.314059,2WGyTLYerpo,61,1.4
175.314059,176.700907,2WGyTLYerpo,62,2.2
176.700907,179.5943311,2WGyTLYerpo,63,2.2
52.73265306,56.04512472,03bSnISJMiM,1,2.4
56.51405896,66.87052154,03bSnISJMiM,2,-0.8
66.87052154,68.84603175,03bSnISJMiM,3,-1.0
68.84603175,71.07097506,03bSnISJMiM,4,-1.75
71.07097506,71.8292517,03bSnISJMiM,5,0.0
71.8292517,73.71496599,03bSnISJMiM,6,0.0
73.71496599,78.6138322,03bSnISJMiM,7,0.8
78.6138322,89.80839002,03bSnISJMiM,8,0.0
89.80839002,93.54988662,03bSnISJMiM,9,0.2
93.54988662,95.05646259,03bSnISJMiM,10,-1.2
95.05646259,97.2015873,03bSnISJMiM,11,-0.5
97.2015873,99.89546485,03bSnISJMiM,12,2.2
168.8387755,170.485034,03bSnISJMiM,13,1.8
5.809297052,10.62834467,5W7Z1C_fDaE,1,2.0
9.850113379,13.72131519,5W7Z1C_fDaE,2,1.4
13.72131519,14.70907029,5W7Z1C_fDaE,3,0.8
14.70907029,15.41746032,5W7Z1C_fDaE,4,0.4
15.41746032,17.32312925,5W7Z1C_fDaE,5,2.0
17.32312925,18.69002268,5W7Z1C_fDaE,6,0.5
18.69002268,25.51451247,5W7Z1C_fDaE,7,2.2
25.51451247,26.59206349,5W7Z1C_fDaE,8,2.6
26.59206349,29.06643991,5W7Z1C_fDaE,9,2.4
29.06643991,32.23922902,5W7Z1C_fDaE,10,0.4
32.23922902,34.50408163,5W7Z1C_fDaE,11,2.6
34.50408163,37.97619048,5W7Z1C_fDaE,12,0.8
37.97619048,39.59251701,5W7Z1C_fDaE,13,2.6
39.59251701,42.93492063,5W7Z1C_fDaE,14,1.8
42.93492063,44.58117914,5W7Z1C_fDaE,15,0.25
44.58117914,46.7861678,5W7Z1C_fDaE,16,-2.0
46.7861678,50.96666667,5W7Z1C_fDaE,17,0.2
50.96666667,53.06190476,5W7Z1C_fDaE,18,1.2
53.06190476,55.64603175,5W7Z1C_fDaE,19,2.8
55.64603175,57.77120181,5W7Z1C_fDaE,20,2.8
57.77120181,62.63015873,5W7Z1C_fDaE,21,2.0
57.77120181,64.77528345,5W7Z1C_fDaE,22,1.6
64.77528345,70.36258503,5W7Z1C_fDaE,23,1.8
70.36258503,76.10952391,5W7Z1C_fDaE,24,2.4
38.83424036,45.04013605,6_0THN4chvY,1,1.6
51.11632653,59.96621315,6_0THN4chvY,2,0.6
59.96621315,64.31632653,6_0THN4chvY,3,2.0
64.31632653,65.73310658,6_0THN4chvY,4,2.0
65.73310658,67.55895692,6_0THN4chvY,5,0.0
67.55895692,70.38253968,6_0THN4chvY,6,1.6
70.38253968,74.07414966,6_0THN4chvY,7,0.8
74.07414966,79.3122449,6_0THN4chvY,8,2.0
79.3122449,83.74217687,6_0THN4chvY,9,-0.6
83.74217687,87.66326531,6_0THN4chvY,10,0.4
87.86281179,89.74852608,6_0THN4chvY,11,0.25
89.74852608,95.63514739,6_0THN4chvY,12,1.8
95.63514739,96.75260771,6_0THN4chvY,13,2.2
96.75260771,99.03741497,6_0THN4chvY,14,2.2
4.801587302,9.979818594,6Egk_28TtTM,1,3.0
33.01746032,40.93945578,6Egk_28TtTM,2,2.0
40.93945578,51.52539683,6Egk_28TtTM,3,1.8
51.03650794,54.25918367,6Egk_28TtTM,4,2.8
54.25918367,62.40068027,6Egk_28TtTM,5,2.2
97.50090703,103.00839,6Egk_28TtTM,6,2.0
103.00839,106.4106576,6Egk_28TtTM,7,2.2
106.4106576,114.8714286,6Egk_28TtTM,8,0.8
114.8714286,123.1526077,6Egk_28TtTM,9,-0.4
123.1526077,129.5879819,6Egk_28TtTM,10,0.6
133.0501134,145.0029478,6Egk_28TtTM,11,-1.2
145.0029478,148.5349206,6Egk_28TtTM,12,2.4
10.75804989,12.66371882,7JsX8y1ysxY,1,1.8
12.66371882,14.98843537,7JsX8y1ysxY,2,2.2
14.98843537,17.08367347,7JsX8y1ysxY,3,-2.6
31.48095238,32.66825397,7JsX8y1ysxY,4,1.4
32.66825397,47.93356009,7JsX8y1ysxY,5,1.0
47.93356009,48.99115646,7JsX8y1ysxY,6,1.6
48.99115646,51.82471655,7JsX8y1ysxY,7,-1.6
51.82471655,65.33401361,7JsX8y1ysxY,8,-1.2
65.33401361,66.10226757,7JsX8y1ysxY,9,1.8
66.10226757,66.67097506,7JsX8y1ysxY,10,2.0
72.37800454,73.42562358,7JsX8y1ysxY,11,-1.0
75.2414966,80.45963719,7JsX8y1ysxY,12,0.6
80.45963719,81.91632653,7JsX8y1ysxY,13,-1.6
84.83968254,93.67959184,7JsX8y1ysxY,14,-2.2
93.09092971,97.79024943,7JsX8y1ysxY,15,-0.4
97.79024943,98.98752834,7JsX8y1ysxY,16,2.2
98.98752834,100.4342404,7JsX8y1ysxY,17,0.8
100.4342404,102.1603175,7JsX8y1ysxY,18,-0.4
102.1603175,105.253288,7JsX8y1ysxY,19,-0.2
106.1911565,107.9371882,7JsX8y1ysxY,20,0.8
107.9371882,113.9136054,7JsX8y1ysxY,21,1.8
120.2092971,121.5861678,7JsX8y1ysxY,22,2.6
126.1358277,127.6723356,7JsX8y1ysxY,23,2.4
127.6723356,129.3385488,7JsX8y1ysxY,24,2.4
129.3385488,130.7653061,7JsX8y1ysxY,25,2.6
130.7653061,133.9580499,7JsX8y1ysxY,26,1.8
135.4845805,136.5321995,7JsX8y1ysxY,27,2.0
136.5321995,137.5698413,7JsX8y1ysxY,28,-1.25
137.5698413,139.6151927,7JsX8y1ysxY,29,-1.5
139.6151927,141.6106576,7JsX8y1ysxY,30,2.2
141.6106576,143.2369615,7JsX8y1ysxY,31,2.2
143.2369615,147.9263039,7JsX8y1ysxY,32,0.6
153.8229025,155.9380952,7JsX8y1ysxY,33,1.4
155.9380952,158.3126984,7JsX8y1ysxY,34,-0.6
158.3126984,160.6473923,7JsX8y1ysxY,35,-1.0
160.6473923,166.8732426,7JsX8y1ysxY,36,-1.6
166.8732426,169.8863946,7JsX8y1ysxY,37,-1.6
169.8863946,176.0124717,7JsX8y1ysxY,38,-1.8
176.0124717,177.7784581,7JsX8y1ysxY,39,1.8
1.928117914,4.472335601,8d-gEyoeBzc,1,1.2
4.472335601,12.78344671,8d-gEyoeBzc,2,-0.8
12.78344671,26.63197279,8d-gEyoeBzc,3,-0.2
26.63197279,30.71269841,8d-gEyoeBzc,4,-0.2
30.71269841,36.3,8d-gEyoeBzc,5,-2.0
36.3,40.0414966,8d-gEyoeBzc,6,-1.5
40.0414966,42.27641723,8d-gEyoeBzc,7,0.2
42.27641723,47.02562358,8d-gEyoeBzc,8,1.2
47.93356009,52.92222222,8d-gEyoeBzc,9,1.4
52.92222222,58.38979592,8d-gEyoeBzc,10,0.6
58.38979592,60.91405896,8d-gEyoeBzc,11,1.6
60.91405896,63.66780045,8d-gEyoeBzc,12,1.6
63.66780045,65.36394558,8d-gEyoeBzc,13,1.4
65.36394558,66.43151927,8d-gEyoeBzc,14,0.0
66.43151927,70.22290249,8d-gEyoeBzc,15,0.8
70.22290249,72.49773243,8d-gEyoeBzc,16,1.2
72.49773243,75.73038549,8d-gEyoeBzc,17,1.0
77.00748299,80.97845805,8d-gEyoeBzc,18,0.6
80.97845805,86.83514739,8d-gEyoeBzc,19,1.6
86.83514739,92.74172336,8d-gEyoeBzc,20,1.2
92.74172336,111.1798186,8d-gEyoeBzc,21,-2.0
109.9426304,118.8024943,8d-gEyoeBzc,22,-1.0
118.8024943,126.1657596,8d-gEyoeBzc,23,-0.4
126.1657596,139.3956916,8d-gEyoeBzc,24,-1.4
139.3956916,141.7403628,8d-gEyoeBzc,25,1.8
141.7403628,155.2297052,8d-gEyoeBzc,26,1.0
155.2297052,158.6818594,8d-gEyoeBzc,27,-1.4
158.6818594,164.0995465,8d-gEyoeBzc,28,-0.8
164.0995465,168.4197279,8d-gEyoeBzc,29,-1.4
168.4197279,169.8564626,8d-gEyoeBzc,30,-0.8
16.6845805,19.49818594,8OtFthrtaJM,1,0.4
52.08412698,56.50408163,8OtFthrtaJM,2,-1.0
56.50408163,65.11451247,8OtFthrtaJM,3,-2.4
65.11451247,67.21972789,8OtFthrtaJM,4,-2.0
67.21972789,70.96122449,8OtFthrtaJM,5,-0.2
70.96122449,79.63151927,8OtFthrtaJM,6,-2.6
79.63151927,80.9984127,8OtFthrtaJM,7,-1.4
80.9984127,85.18888889,8OtFthrtaJM,8,-0.2
85.18888889,89.67868481,8OtFthrtaJM,9,0.4
89.67868481,91.61428571,8OtFthrtaJM,10,0.6
91.61428571,97.9399093,8OtFthrtaJM,11,-0.5
97.9399093,105.8918367,8OtFthrtaJM,12,-0.8
115.4900227,129.3684807,8OtFthrtaJM,13,-2.2
129.3684807,131.9825397,8OtFthrtaJM,14,-1.4
131.9825397,136.731746,8OtFthrtaJM,15,0.0
136.731746,139.0863946,8OtFthrtaJM,16,0.6
139.0863946,140.6229025,8OtFthrtaJM,17,1.0
140.6229025,143.1970522,8OtFthrtaJM,18,1.4
143.1970522,147.9063492,8OtFthrtaJM,19,-2.2
147.9063492,151.6478458,8OtFthrtaJM,20,-1.8
151.6478458,154.760771,8OtFthrtaJM,21,-2.2
154.760771,158.9412698,8OtFthrtaJM,22,2.0
161.006576,169.6668934,8OtFthrtaJM,23,-1.0
1.479138322,14.54943311,8qrpnFRGt2A,1,-1.4
17.45283447,20.78526077,8qrpnFRGt2A,2,-0.4
20.78526077,26.41247166,8qrpnFRGt2A,3,-1.6
26.41247166,35.70136054,8qrpnFRGt2A,4,-1.4
35.70136054,41.44829932,8qrpnFRGt2A,5,-1.4
41.44829932,50.33809524,8qrpnFRGt2A,6,-2.6
50.33809524,59.2877551,8qrpnFRGt2A,7,-1.6
59.2877551,64.98480726,8qrpnFRGt2A,8,-0.8
64.98480726,67.80839002,8qrpnFRGt2A,9,-1.0
67.80839002,79.14263039,8qrpnFRGt2A,10,-2.2
79.14263039,84.51043084,8qrpnFRGt2A,11,-0.8
84.51043084,92.46235828,8qrpnFRGt2A,12,-2.0
92.46235828,93.60975057,8qrpnFRGt2A,13,-0.333333333333
93.60975057,96.62290249,8qrpnFRGt2A,14,-1.8
96.62290249,112.9557823,8qrpnFRGt2A,15,-1.6
112.9557823,116.7072562,8qrpnFRGt2A,16,-1.0
125.4573696,126.8442177,8qrpnFRGt2A,17,-0.666666666667
126.8442177,131.0646259,8qrpnFRGt2A,18,0.6
131.0646259,142.8877551,8qrpnFRGt2A,19,0.6
142.8877551,149.28322,8qrpnFRGt2A,20,-0.8
149.28322,154.8106576,8qrpnFRGt2A,21,-2.0
154.8106576,160.6773243,8qrpnFRGt2A,22,-1.0
160.2183673,162.3834467,8qrpnFRGt2A,23,-0.333333333333
162.3834467,166.2845805,8qrpnFRGt2A,24,0.0
166.2845805,168.3897959,8qrpnFRGt2A,25,0.2
168.3897959,179.993424,8qrpnFRGt2A,26,-1.2
9.181632653,12.59387755,9c67fiY0wGQ,1,-0.2
12.59387755,16.07596372,9c67fiY0wGQ,2,1.8
38.98390023,46.43696145,9c67fiY0wGQ,3,2.0
46.43696145,50.94671202,9c67fiY0wGQ,4,2.0
50.94671202,54.52857143,9c67fiY0wGQ,5,2.0
61.64240363,68.51678005,9c67fiY0wGQ,6,1.8
68.51678005,72.35804989,9c67fiY0wGQ,7,2.0
72.35804989,75.14172336,9c67fiY0wGQ,8,2.2
75.14172336,77.10725624,9c67fiY0wGQ,9,1.8
77.10725624,81.62698413,9c67fiY0wGQ,10,1.6
81.62698413,83.7521542,9c67fiY0wGQ,11,1.6
83.7521542,88.14217687,9c67fiY0wGQ,12,2.0
11.65600907,14.00068027,9J25DZhivz8,1,2.2
67.49909297,70.33265306,9J25DZhivz8,2,2.4
70.33265306,72.74716553,9J25DZhivz8,3,2.0
72.74716553,75.41111111,9J25DZhivz8,4,2.8
75.41111111,76.71814059,9J25DZhivz8,5,1.8
76.71814059,84.330839,9J25DZhivz8,6,2.8
83.68231293,94.10861678,9J25DZhivz8,7,2.2
94.10861678,96.12403628,9J25DZhivz8,8,2.2
96.12403628,99.44648526,9J25DZhivz8,9,2.6
99.44648526,108.8351474,9J25DZhivz8,10,1.8
108.8351474,111.9879819,9J25DZhivz8,11,0.8
111.9879819,114.3027211,9J25DZhivz8,12,0.2
114.3027211,118.4034014,9J25DZhivz8,13,-0.25
118.4034014,123.8210884,9J25DZhivz8,14,1.8
123.8210884,124.7190476,9J25DZhivz8,15,1.0
124.7190476,129.9571429,9J25DZhivz8,16,2.4
132.9802721,135.5843537,9J25DZhivz8,17,0.5
135.5843537,148.8941043,9J25DZhivz8,18,0.6
148.8941043,153.5235828,9J25DZhivz8,19,0.6
153.5235828,154.6210884,9J25DZhivz8,20,2.4
154.6210884,155.6587302,9J25DZhivz8,21,1.2
155.6587302,158.821542,9J25DZhivz8,22,-0.8
158.4723356,160.3780045,9J25DZhivz8,23,1.2
160.3780045,162.084127,9J25DZhivz8,24,1.2
162.084127,167.3321995,9J25DZhivz8,25,2.0
3.454648526,6.906802721,9qR7uwkblbs,1,-0.8
12.11496599,14.56938776,9qR7uwkblbs,2,2.8
14.56938776,16.3952381,9qR7uwkblbs,3,0.8
50.86689342,53.52086168,9qR7uwkblbs,4,3.0
53.52086168,60.67460317,9qR7uwkblbs,5,0.8
61.961678,64.45600907,9qR7uwkblbs,6,-2.2
71.32040816,73.54535147,9qR7uwkblbs,7,1.6
73.45555556,74.9521542,9qR7uwkblbs,8,1.0
74.9521542,77.86553288,9qR7uwkblbs,9,-1.2
77.86553288,81.35759637,9qR7uwkblbs,10,1.6
81.35759637,89.58888889,9qR7uwkblbs,11,1.2
89.58888889,95.19614512,9qR7uwkblbs,12,-0.8
95.19614512,99.79569161,9qR7uwkblbs,13,-1.6
99.79569161,101.0727891,9qR7uwkblbs,14,-2.2
101.0727891,110.3117914,9qR7uwkblbs,15,-0.75
110.3117914,115.1108844,9qR7uwkblbs,16,0.0
115.1108844,116.8868481,9qR7uwkblbs,17,-0.5
116.8868481,119.2614512,9qR7uwkblbs,18,0.2
120.2791383,121.6959184,9qR7uwkblbs,19,-0.25
125.2478458,126.6746032,9qR7uwkblbs,20,-0.5
126.6746032,127.9217687,9qR7uwkblbs,21,-1.6
127.9217687,130.2365079,9qR7uwkblbs,22,-0.5
129.8473923,137.9888889,9qR7uwkblbs,23,-1.4
137.9888889,139.1562358,9qR7uwkblbs,24,-1.0
139.1562358,142.2891156,9qR7uwkblbs,25,1.6
142.2891156,144.4442177,9qR7uwkblbs,26,-1.0
144.4442177,146.2501134,9qR7uwkblbs,27,0.2
145.9907029,151.468254,9qR7uwkblbs,28,-1.0
151.468254,153.962585,9qR7uwkblbs,29,-1.25
153.962585,160.9267574,9qR7uwkblbs,30,-0.5
160.9267574,163.5208617,9qR7uwkblbs,31,0.0
174.7253968,176.3018141,9qR7uwkblbs,32,2.4
176.3018141,176.5213152,9qR7uwkblbs,33,0.0
1.269614512,2.307256236,9T9Hf74oK10,1,-0.5
13.01292517,20.3861678,9T9Hf74oK10,2,1.6
28.50770975,31.36122449,9T9Hf74oK10,3,-0.4
31.36122449,34.12494331,9T9Hf74oK10,4,-0.8
34.12494331,36.92857143,9T9Hf74oK10,5,-1.8
36.92857143,39.91179138,9T9Hf74oK10,6,1.0
39.59251701,48.81156463,9T9Hf74oK10,7,-0.8
48.81156463,60.44512472,9T9Hf74oK10,8,-1.8
60.44512472,66.23197279,9T9Hf74oK10,9,1.6
66.23197279,67.94807256,9T9Hf74oK10,10,-1.2
67.94807256,75.56077098,9T9Hf74oK10,11,0.0
75.56077098,79.04285714,9T9Hf74oK10,12,2.2
93.02108844,98.05963719,9T9Hf74oK10,13,2.6
101.4120181,105.8120181,9T9Hf74oK10,14,2.0
105.8120181,109.3340136,9T9Hf74oK10,15,-0.4
109.3340136,113.8537415,9T9Hf74oK10,16,2.6
113.8537415,117.0265306,9T9Hf74oK10,17,0.0
119.6705215,123.1326531,9T9Hf74oK10,18,1.2
123.1326531,125.7367347,9T9Hf74oK10,19,1.4
130.4460317,132.5712018,9T9Hf74oK10,20,-0.8
132.5712018,138.4777778,9T9Hf74oK10,21,0.0
138.4777778,142.1294785,9T9Hf74oK10,22,0.4
142.1294785,144.4442177,9T9Hf74oK10,23,0.2
149.9217687,151.8673469,9T9Hf74oK10,24,-1.0
172.9294785,176.1721088,9T9Hf74oK10,25,-0.6
74.37346939,80.63922902,73jzhE8R1TQ,1,1.0
80.63922902,86.02698413,73jzhE8R1TQ,2,-0.8
86.02698413,90.64648526,73jzhE8R1TQ,3,-0.8
90.64648526,91.45464853,73jzhE8R1TQ,4,1.6
91.45464853,95.01655329,73jzhE8R1TQ,5,-0.8
95.01655329,98.66825397,73jzhE8R1TQ,6,1.8
98.66825397,100.6038549,73jzhE8R1TQ,7,1.4
100.6038549,104.5548753,73jzhE8R1TQ,8,1.8
104.5548753,109.7430839,73jzhE8R1TQ,9,0.5
108.7453515,116.1385488,73jzhE8R1TQ,10,1.4
116.1385488,119.8800454,73jzhE8R1TQ,11,-1.2
119.8800454,128.4505669,73jzhE8R1TQ,12,-1.2
127.9816327,138.9666667,73jzhE8R1TQ,13,-0.6
138.9666667,145.3820862,73jzhE8R1TQ,14,0.0
145.3820862,154.0024943,73jzhE8R1TQ,15,-1.6
153.8727891,157.4247166,73jzhE8R1TQ,16,-0.2
157.4247166,160.4478458,73jzhE8R1TQ,17,-0.4
160.4478458,167.9408163,73jzhE8R1TQ,18,-1.6
167.9408163,174.6256236,73jzhE8R1TQ,19,-1.2
15.60702948,22.22199546,Af8D0E4ZXaw,1,-0.75
56.91315193,65.16439909,Af8D0E4ZXaw,2,0.8
65.16439909,69.38480726,Af8D0E4ZXaw,3,0.25
69.38480726,75.40113379,Af8D0E4ZXaw,4,-0.4
75.40113379,80.52947846,Af8D0E4ZXaw,5,-0.2
82.65464853,84.0015873,Af8D0E4ZXaw,6,-2.0
84.0015873,86.78526077,Af8D0E4ZXaw,7,-2.0
86.78526077,90.06780045,Af8D0E4ZXaw,8,-1.0
89.59886621,92.28276644,Af8D0E4ZXaw,9,-1.0
92.28276644,98.93764172,Af8D0E4ZXaw,10,-0.75
98.93764172,104.0959184,Af8D0E4ZXaw,11,0.4
104.0959184,107.0292517,Af8D0E4ZXaw,12,1.4
107.0292517,108.3761905,Af8D0E4ZXaw,13,2.0
108.3761905,109.5634921,Af8D0E4ZXaw,14,1.6
109.5634921,112.4668934,Af8D0E4ZXaw,15,2.0
112.3571429,113.7539683,Af8D0E4ZXaw,16,2.2
113.7539683,117.9643991,Af8D0E4ZXaw,17,1.4
117.9643991,120.1693878,Af8D0E4ZXaw,18,2.2
120.1693878,121.9054422,Af8D0E4ZXaw,19,2.4
121.9054422,125.2578231,Af8D0E4ZXaw,20,1.6
125.2578231,135.6941043,Af8D0E4ZXaw,21,-0.8
135.8038549,138.4977324,Af8D0E4ZXaw,22,-1.6
138.4977324,144.144898,Af8D0E4ZXaw,23,-1.0
144.144898,150.1512472,Af8D0E4ZXaw,24,-1.6
150.1512472,152.3761905,Af8D0E4ZXaw,25,-2.6
152.3761905,158.7716553,Af8D0E4ZXaw,26,-2.4
158.7716553,163.0818594,Af8D0E4ZXaw,27,-1.6
163.0818594,164.60839,Af8D0E4ZXaw,28,-0.2
170.5349206,173.0492063,Af8D0E4ZXaw,29,-0.4
173.0492063,174.5857143,Af8D0E4ZXaw,30,-0.8
174.5857143,177.2097506,Af8D0E4ZXaw,31,-0.4
91.20521542,92.74172336,aiEXnCPZubE,1,-2.2
92.74172336,94.90680272,aiEXnCPZubE,2,-1.2
94.90680272,96.05419501,aiEXnCPZubE,3,-0.6
96.05419501,97.94988662,aiEXnCPZubE,4,-1.6
100.1947846,102.1503401,aiEXnCPZubE,5,0.0
102.1503401,103.5571429,aiEXnCPZubE,6,2.8
103.5571429,106.8197279,aiEXnCPZubE,7,2.2
108.8950113,112.3671202,aiEXnCPZubE,8,-2.4
112.3671202,115.5997732,aiEXnCPZubE,9,-0.2
115.5997732,117.5553288,aiEXnCPZubE,10,-0.2
117.5553288,127.6922902,aiEXnCPZubE,11,0.8
127.6922902,131.4836735,aiEXnCPZubE,12,-0.4
131.4836735,133.7784581,aiEXnCPZubE,13,-2.0
133.7784581,140.4133787,aiEXnCPZubE,14,-3.0
140.4133787,143.4464853,aiEXnCPZubE,15,-2.8
143.2868481,146.2002268,aiEXnCPZubE,16,-0.4
146.2002268,148.6646259,aiEXnCPZubE,17,-1.8
148.6646259,153.0746032,aiEXnCPZubE,18,0.4
153.0746032,154.760771,aiEXnCPZubE,19,-0.2
154.760771,157.4047619,aiEXnCPZubE,20,-2.4
157.4047619,159.5698413,aiEXnCPZubE,21,-2.2
159.5698413,161.0564626,aiEXnCPZubE,22,2.0
161.0564626,162.762585,aiEXnCPZubE,23,0.8
162.762585,164.5784581,aiEXnCPZubE,24,-1.2
164.5784581,167.3820862,aiEXnCPZubE,25,1.6
167.3820862,170.2455782,aiEXnCPZubE,26,2.6
170.2455782,171.8020408,aiEXnCPZubE,27,2.8
171.8020408,172.7598639,aiEXnCPZubE,28,1.0
172.1213152,173.9072562,aiEXnCPZubE,29,2.6
173.9072562,176.5013605,aiEXnCPZubE,30,2.8
66.59115646,70.79160998,atnd_PF-Lbs,1,-3.0
70.79160998,73.60521542,atnd_PF-Lbs,2,-3.0
79.6814059,84.62018141,atnd_PF-Lbs,3,-1.2
84.62018141,91.24512472,atnd_PF-Lbs,4,-2.4
91.24512472,92.37256236,atnd_PF-Lbs,5,-2.8
92.37256236,98.53854875,atnd_PF-Lbs,6,0.0
98.53854875,102.1902494,atnd_PF-Lbs,7,-2.6
102.1902494,106.9195011,atnd_PF-Lbs,8,-0.5
106.9195011,109.6133787,atnd_PF-Lbs,9,-2.8
109.6133787,111.1199546,atnd_PF-Lbs,10,-2.4
111.1199546,122.3145125,atnd_PF-Lbs,11,0.4
121.8655329,124.4297052,atnd_PF-Lbs,12,-1.5
124.4297052,126.5648526,atnd_PF-Lbs,13,-2.0
126.5648526,138.8868481,atnd_PF-Lbs,14,-0.4
138.8868481,141.3612245,atnd_PF-Lbs,15,0.0
141.3612245,146.5095238,atnd_PF-Lbs,16,2.2
146.5095238,149.0238095,atnd_PF-Lbs,17,1.0
149.0238095,154.3117914,atnd_PF-Lbs,18,-0.8
154.3117914,156.9258503,atnd_PF-Lbs,19,-0.25
156.9258503,165.376644,atnd_PF-Lbs,20,-0.2
165.376644,177.0900227,atnd_PF-Lbs,21,2.2
3.175283447,6.936734694,Bfr499ggo-0,1,-1.75
6.936734694,8.363492063,Bfr499ggo-0,2,-1.0
8.363492063,16.43514739,Bfr499ggo-0,3,1.6
16.43514739,18.7399093,Bfr499ggo-0,4,-1.2
18.34081633,28.13854875,Bfr499ggo-0,5,-1.8
28.13854875,30.19387755,Bfr499ggo-0,6,-1.2
30.19387755,32.68820862,Bfr499ggo-0,7,-1.0
32.68820862,37.93628118,Bfr499ggo-0,8,-1.2
37.93628118,40.88956916,Bfr499ggo-0,9,0.4
40.88956916,42.93492063,Bfr499ggo-0,10,1.0
42.93492063,44.97029478,Bfr499ggo-0,11,-0.8
44.97029478,47.55442177,Bfr499ggo-0,12,-1.4
47.55442177,49.869161,Bfr499ggo-0,13,-1.6
49.869161,54.97755102,Bfr499ggo-0,14,-0.2
54.97755102,56.3244898,Bfr499ggo-0,15,-1.0
56.3244898,63.01927438,Bfr499ggo-0,16,2.2
64.95487528,69.97346939,Bfr499ggo-0,17,1.4
69.97346939,72.61746032,Bfr499ggo-0,18,0.8
72.61746032,74.94217687,Bfr499ggo-0,19,-1.8
74.94217687,77.46643991,Bfr499ggo-0,20,-1.6
77.46643991,78.95306122,Bfr499ggo-0,21,-2.0
78.95306122,83.35306122,Bfr499ggo-0,22,1.0
8.762585034,11.20702948,BI97DNYfe5I,1,2.0
11.20702948,17.961678,BI97DNYfe5I,2,-1.0
17.62244898,21.95260771,BI97DNYfe5I,3,-0.2
21.95260771,24.88594104,BI97DNYfe5I,4,1.4
24.88594104,28.00884354,BI97DNYfe5I,5,1.4
28.00884354,30.55306122,BI97DNYfe5I,6,1.4
37.25782313,45.25963719,BI97DNYfe5I,7,-0.8
45.11995465,47.00566893,BI97DNYfe5I,8,0.4
47.00566893,48.73174603,BI97DNYfe5I,9,1.4
48.73174603,54.76802721,BI97DNYfe5I,10,2.8
54.76802721,56.36439909,BI97DNYfe5I,11,2.0
56.36439909,60.84421769,BI97DNYfe5I,12,1.6
63.24875283,64.47596372,BI97DNYfe5I,13,1.4
64.47596372,66.49138322,BI97DNYfe5I,14,2.0
66.49138322,67.87823129,BI97DNYfe5I,15,2.0
67.87823129,70.44240363,BI97DNYfe5I,16,1.2
70.44240363,72.00884354,BI97DNYfe5I,17,1.6
72.00884354,74.70272109,BI97DNYfe5I,18,2.2
74.70272109,79.20249433,BI97DNYfe5I,19,1.6
79.46190476,79.83106576,BI97DNYfe5I,20,0.0
79.83106576,80.41972789,BI97DNYfe5I,21,1.2
80.41972789,82.58480726,BI97DNYfe5I,22,2.2
82.58480726,86.94489796,BI97DNYfe5I,23,1.6
86.94489796,89.37936508,BI97DNYfe5I,24,1.4
89.37936508,92.8414966,BI97DNYfe5I,25,1.2
92.8414966,97.08185941,BI97DNYfe5I,26,1.0
97.08185941,100.1648526,BI97DNYfe5I,27,-1.0
100.1648526,101.930839,BI97DNYfe5I,28,1.2
101.930839,103.4473923,BI97DNYfe5I,29,0.2
103.4473923,105.3630385,BI97DNYfe5I,30,1.2
105.3630385,107.6079365,BI97DNYfe5I,31,1.0
0.132199546,3.015646259,BioHAh1qJAQ,1,1.4
3.015646259,7.485487528,BioHAh1qJAQ,2,2.2
7.485487528,13.77120181,BioHAh1qJAQ,3,0.4
13.77120181,18.87959184,BioHAh1qJAQ,4,0.25
18.87959184,23.58888889,BioHAh1qJAQ,5,1.4
23.58888889,28.68730159,BioHAh1qJAQ,6,-1.8
28.68730159,34.04512472,BioHAh1qJAQ,7,2.6
34.04512472,36.82879819,BioHAh1qJAQ,8,2.4
36.82879819,39.15351474,BioHAh1qJAQ,9,2.0
39.15351474,40.85963719,BioHAh1qJAQ,10,1.0
40.85963719,44.06235828,BioHAh1qJAQ,11,0.2
46.33718821,50.21836735,BioHAh1qJAQ,12,0.666666666667
50.21836735,55.89546485,BioHAh1qJAQ,13,1.4
55.89546485,58.11043084,BioHAh1qJAQ,14,2.6
58.11043084,61.18344671,BioHAh1qJAQ,15,-0.4
61.18344671,64.93492063,BioHAh1qJAQ,16,0.25
64.93492063,67.93809524,BioHAh1qJAQ,17,2.4
67.93809524,72.238322,BioHAh1qJAQ,18,2.0
72.238322,82.43514739,BioHAh1qJAQ,19,1.8
82.43514739,91.18526077,BioHAh1qJAQ,20,-1.4
91.18526077,93.71950113,BioHAh1qJAQ,21,-0.8
106.9594104,109.8229025,BioHAh1qJAQ,22,-2.2
109.8229025,113.4446712,BioHAh1qJAQ,23,-2.0
113.9734694,120.6782313,BioHAh1qJAQ,24,-1.4
120.6782313,121.8555556,BioHAh1qJAQ,25,-1.6
124.1004535,134.1376417,BioHAh1qJAQ,26,0.8
134.1376417,145.0029478,BioHAh1qJAQ,27,0.0
145.0029478,151.099093,BioHAh1qJAQ,28,-2.0
159.4002268,161.655102,BioHAh1qJAQ,29,0.0
167.3421769,179.993424,BioHAh1qJAQ,30,-2.0
8.373469388,12.48412698,bOL9jKpeJRs,1,3.0
12.48412698,14.55941043,bOL9jKpeJRs,2,1.6
14.55941043,16.36530612,bOL9jKpeJRs,3,2.0
16.36530612,19.80748299,bOL9jKpeJRs,4,2.4
19.80748299,21.88276644,bOL9jKpeJRs,5,1.4
21.88276644,25.90362812,bOL9jKpeJRs,6,2.4
25.90362812,27.4600907,bOL9jKpeJRs,7,-0.2
27.4600907,32.21927438,bOL9jKpeJRs,8,0.0
32.21927438,36.38979592,bOL9jKpeJRs,9,1.0
35.85102041,43.43378685,bOL9jKpeJRs,10,1.2
43.43378685,45.41927438,bOL9jKpeJRs,11,1.8
45.41927438,48.5122449,bOL9jKpeJRs,12,1.4
48.5122449,49.92902494,bOL9jKpeJRs,13,2.2
49.92902494,50.80702948,bOL9jKpeJRs,14,2.0
50.80702948,53.55079365,bOL9jKpeJRs,15,2.6
56.40430839,64.81519274,bOL9jKpeJRs,16,2.2
64.81519274,65.97256236,bOL9jKpeJRs,17,2.4
65.97256236,68.42698413,bOL9jKpeJRs,18,3.0
68.42698413,71.44013605,bOL9jKpeJRs,19,2.4
71.09092971,74.44331066,bOL9jKpeJRs,20,2.0
74.23378685,82.06598639,bOL9jKpeJRs,21,-1.0
82.06598639,85.07913832,bOL9jKpeJRs,22,2.0
85.07913832,88.32176871,bOL9jKpeJRs,23,-1.0
88.32176871,90.64648526,bOL9jKpeJRs,24,-1.0
88.32176871,90.64648526,bOL9jKpeJRs,25,-0.6
90.64648526,92.87142857,bOL9jKpeJRs,26,1.0
92.87142857,97.12176871,bOL9jKpeJRs,27,0.0
96.94217687,101.0328798,bOL9jKpeJRs,28,-0.4
101.0328798,102.8786848,bOL9jKpeJRs,29,0.4
102.8786848,103.6170068,bOL9jKpeJRs,30,0.5
103.6170068,105.9018141,bOL9jKpeJRs,31,0.0
105.9018141,111.5689342,bOL9jKpeJRs,32,1.0
111.1099773,113.2052154,bOL9jKpeJRs,33,2.0
112.8959184,115.0510204,bOL9jKpeJRs,34,2.8
22.51133787,26.24285714,bvLlb-M3UXU,1,-0.2
25.72403628,29.11632653,bvLlb-M3UXU,2,-2.2
29.11632653,32.36893424,bvLlb-M3UXU,3,-2.4
32.36893424,36.82879819,bvLlb-M3UXU,4,2.2
47.18526077,50.92675737,bvLlb-M3UXU,5,-1.2
68.84603175,70.58208617,bvLlb-M3UXU,6,-0.4
70.58208617,73.8845805,bvLlb-M3UXU,7,-1.0
73.8845805,77.39659864,bvLlb-M3UXU,8,0.0
77.39659864,81.46734694,bvLlb-M3UXU,9,-0.25
81.46734694,87.64331066,bvLlb-M3UXU,10,1.6
87.64331066,91.54444444,bvLlb-M3UXU,11,-0.2
91.54444444,92.62199546,bvLlb-M3UXU,12,1.2
94.10861678,103.2278912,bvLlb-M3UXU,13,-1.2
103.2278912,104.7743764,bvLlb-M3UXU,14,1.0
104.7743764,109.3639456,bvLlb-M3UXU,15,2.2
109.3639456,110.7408163,bvLlb-M3UXU,16,-1.6
110.7408163,122.6537415,bvLlb-M3UXU,17,1.2
122.6537415,133.2995465,bvLlb-M3UXU,18,-1.0
133.2995465,138.2782313,bvLlb-M3UXU,19,1.2
141.4510204,154.6210884,bvLlb-M3UXU,20,-0.6
154.6210884,159.7095238,bvLlb-M3UXU,21,-1.2
159.7095238,162.1439909,bvLlb-M3UXU,22,-1.8
162.1439909,168.4197279,bvLlb-M3UXU,23,0.8
168.4197279,170.3553288,bvLlb-M3UXU,24,-1.4
170.3553288,173.5680272,bvLlb-M3UXU,25,-1.4
26.21292517,28.238322,BvYR0L6f2Ig,1,1.6
28.238322,34.87324263,BvYR0L6f2Ig,2,2.0
42.7154195,46.29727891,BvYR0L6f2Ig,3,0.4
46.29727891,48.59206349,BvYR0L6f2Ig,4,-1.0
48.59206349,51.30589569,BvYR0L6f2Ig,5,-0.2
112.9258503,118.6927438,BvYR0L6f2Ig,6,-0.8
112.9258503,121.1471655,BvYR0L6f2Ig,7,1.2
121.1471655,122.6038549,BvYR0L6f2Ig,8,0.8
124.1104308,128.3208617,BvYR0L6f2Ig,9,2.2
128.3208617,131.7031746,BvYR0L6f2Ig,10,-1.8
131.7031746,132.9902494,BvYR0L6f2Ig,11,0.6
132.9902494,137.6995465,BvYR0L6f2Ig,12,0.4
137.6995465,139.6950113,BvYR0L6f2Ig,13,-1.4
139.6950113,142.5884354,BvYR0L6f2Ig,14,-1.8
142.5884354,145.8609977,BvYR0L6f2Ig,15,-1.2
145.8609977,150.7897959,BvYR0L6f2Ig,16,1.8
150.7897959,154.6809524,BvYR0L6f2Ig,17,2.0
154.6809524,155.0900227,BvYR0L6f2Ig,18,0.0
155.0900227,156.9956916,BvYR0L6f2Ig,19,2.2
156.9956916,160.0487528,BvYR0L6f2Ig,20,2.8
160.0487528,162.5530612,BvYR0L6f2Ig,21,1.6
165.8455782,166.4043084,BvYR0L6f2Ig,22,-1.0
166.4043084,172.3707483,BvYR0L6f2Ig,23,2.4
171.8219955,174.9249433,BvYR0L6f2Ig,24,1.6
174.9249433,176.7408163,BvYR0L6f2Ig,25,1.8
176.7408163,179.993424,BvYR0L6f2Ig,26,1.0
1.119954649,12.59387755,BXuRRbG0Ugk,1,-1.0
12.59387755,14.57936508,BXuRRbG0Ugk,2,0.8
14.57936508,16.29546485,BXuRRbG0Ugk,3,-0.4
16.29546485,19.24875283,BXuRRbG0Ugk,4,0.0
19.24875283,22.56122449,BXuRRbG0Ugk,5,0.0
22.56122449,25.46462585,BXuRRbG0Ugk,6,1.4
25.46462585,31.9,BXuRRbG0Ugk,7,0.2
31.9,35.86099773,BXuRRbG0Ugk,8,1.75
41.29863946,48.42244898,BXuRRbG0Ugk,9,-1.2
48.42244898,59.18798186,BXuRRbG0Ugk,10,2.4
58.75895692,62.99931973,BXuRRbG0Ugk,11,-1.6
62.99931973,71.39024943,BXuRRbG0Ugk,12,1.2
71.39024943,77.04739229,BXuRRbG0Ugk,13,0.6
77.04739229,83.40294785,BXuRRbG0Ugk,14,-1.6
83.40294785,86.26643991,BXuRRbG0Ugk,15,-0.6
86.26643991,93.869161,BXuRRbG0Ugk,16,0.0
93.869161,96.80249433,BXuRRbG0Ugk,17,-1.6
104.6646259,109.5734694,BXuRRbG0Ugk,18,-1.4
109.5734694,115.2306122,BXuRRbG0Ugk,19,0.2
115.2306122,119.6206349,BXuRRbG0Ugk,20,-0.4
119.6206349,126.485034,BXuRRbG0Ugk,21,2.4
126.485034,133.3394558,BXuRRbG0Ugk,22,0.5
133.3394558,139.3657596,BXuRRbG0Ugk,23,1.4
139.3657596,142.2492063,BXuRRbG0Ugk,24,2.4
142.2492063,146.4197279,BXuRRbG0Ugk,25,1.0
146.4197279,153.224263,BXuRRbG0Ugk,26,1.6
153.224263,157.5643991,BXuRRbG0Ugk,27,-0.4
157.5643991,163.0219955,BXuRRbG0Ugk,28,1.6
163.0219955,167.5716553,BXuRRbG0Ugk,29,2.0
167.5716553,172.3208617,BXuRRbG0Ugk,30,-2.0
172.3208617,179.3848073,BXuRRbG0Ugk,31,-0.4
1.958049887,5.380272109,c5xsKMxpXnc,1,-0.75
5.380272109,7.774829932,c5xsKMxpXnc,2,-2.6
39.91179138,43.13446712,c5xsKMxpXnc,3,-1.8
133.2097506,135.8836735,c5xsKMxpXnc,4,2.0
143.0473923,146.7290249,c5xsKMxpXnc,5,-2.2
146.7290249,149.3829932,c5xsKMxpXnc,6,-2.0
149.3829932,152.4360544,c5xsKMxpXnc,7,-3.0
154.1122449,156.6764172,c5xsKMxpXnc,8,-1.2
156.6764172,159.0609977,c5xsKMxpXnc,9,-1.4
159.0609977,160.91678,c5xsKMxpXnc,10,-1.2
160.91678,163.9,c5xsKMxpXnc,11,-0.8
163.9,166.6337868,c5xsKMxpXnc,12,-2.0
166.6337868,172.1911565,c5xsKMxpXnc,13,-1.2
172.1911565,173.6578231,c5xsKMxpXnc,14,-2.0
173.6578231,177.2396825,c5xsKMxpXnc,15,-1.4
5.310430839,8.812471655,c7UH_rxdZv4,1,-2.8
8.812471655,10.9276644,c7UH_rxdZv4,2,-2.6
10.9276644,12.45419501,c7UH_rxdZv4,3,-0.8
12.14489796,17.17346939,c7UH_rxdZv4,4,1.6
21.7829932,26.42244898,c7UH_rxdZv4,5,-2.2
26.42244898,34.38435374,c7UH_rxdZv4,6,-2.6
34.38435374,36.5893424,c7UH_rxdZv4,7,-3.0
36.5893424,47.09546485,c7UH_rxdZv4,8,-2.8
47.09546485,54.269161,c7UH_rxdZv4,9,-0.4
54.269161,60.74444444,c7UH_rxdZv4,10,0.8
60.74444444,64.19659864,c7UH_rxdZv4,11,1.0
64.19659864,71.85918367,c7UH_rxdZv4,12,-2.8
71.85918367,75.04195011,c7UH_rxdZv4,13,-2.6
75.04195011,81.34761905,c7UH_rxdZv4,14,1.2
81.34761905,82.74444444,c7UH_rxdZv4,15,-2.4
82.74444444,84.79977324,c7UH_rxdZv4,16,-2.0
84.79977324,88.14217687,c7UH_rxdZv4,17,-1.4
96.09410431,104.3253968,c7UH_rxdZv4,18,-2.25
104.3253968,108.2863946,c7UH_rxdZv4,19,-1.8
108.2863946,115.0210884,c7UH_rxdZv4,20,-1.8
115.0210884,122.7634921,c7UH_rxdZv4,21,-0.8
122.7634921,128.8895692,c7UH_rxdZv4,22,-2.4
128.8895692,132.6609977,c7UH_rxdZv4,23,-0.6
132.6609977,135.6641723,c7UH_rxdZv4,24,-1.8
135.6641723,140.6528345,c7UH_rxdZv4,25,0.0
140.6528345,144.4342404,c7UH_rxdZv4,26,-2.6
144.4342404,154.8106576,c7UH_rxdZv4,27,-1.8
154.8106576,159.5199546,c7UH_rxdZv4,28,-0.8
159.5199546,164.1594104,c7UH_rxdZv4,29,0.6
164.1594104,167.4419501,c7UH_rxdZv4,30,1.2
167.4419501,175.4637188,c7UH_rxdZv4,31,-1.4
175.4637188,178.1975057,c7UH_rxdZv4,32,-2.2
178.1975057,179.7240363,c7UH_rxdZv4,33,-1.8
4.602040816,5.739455782,Ci-AH39fi3Y,1,1.8
35.69138322,40.34081633,Ci-AH39fi3Y,2,2.0
40.09138322,41.73764172,Ci-AH39fi3Y,3,0.0
41.73764172,44.24195011,Ci-AH39fi3Y,4,1.8
44.24195011,45.29954649,Ci-AH39fi3Y,5,1.6
45.29954649,48.87142857,Ci-AH39fi3Y,6,1.6
48.39251701,50.20839002,Ci-AH39fi3Y,7,0.6
50.20839002,52.62290249,Ci-AH39fi3Y,8,2.2
52.62290249,55.17709751,Ci-AH39fi3Y,9,2.4
58.10045351,59.08820862,Ci-AH39fi3Y,10,1.0
59.08820862,62.23106576,Ci-AH39fi3Y,11,-1.8
62.23106576,65.43378685,Ci-AH39fi3Y,12,2.2
65.43378685,68.38707483,Ci-AH39fi3Y,13,-1.2
68.38707483,70.1430839,Ci-AH39fi3Y,14,0.0
71.96893424,75.89002268,Ci-AH39fi3Y,15,-0.8
75.89002268,79.30226757,Ci-AH39fi3Y,16,-1.6
79.30226757,82.53492063,Ci-AH39fi3Y,17,-2.6
82.53492063,84.62018141,Ci-AH39fi3Y,18,-1.2
84.62018141,86.47596372,Ci-AH39fi3Y,19,-0.8
86.47596372,92.15306122,Ci-AH39fi3Y,20,2.8
92.15306122,95.23605442,Ci-AH39fi3Y,21,1.2
99.14716553,101.3820862,Ci-AH39fi3Y,22,0.4
101.3820862,102.7589569,Ci-AH39fi3Y,23,0.0
104.2555556,108.0968254,Ci-AH39fi3Y,24,-1.0
110.6410431,114.8414966,Ci-AH39fi3Y,25,1.8
116.0687075,119.8600907,Ci-AH39fi3Y,26,-0.8
119.8600907,121.9453515,Ci-AH39fi3Y,27,-0.6
121.9453515,124.9285714,Ci-AH39fi3Y,28,0.4
124.9285714,127.5326531,Ci-AH39fi3Y,29,1.4
127.5326531,133.7285714,Ci-AH39fi3Y,30,-1.0
133.7285714,135.0954649,Ci-AH39fi3Y,31,1.4
135.0954649,136.2328798,Ci-AH39fi3Y,32,2.0
136.2328798,139.1761905,Ci-AH39fi3Y,33,-2.0
139.1761905,142.0795918,Ci-AH39fi3Y,34,0.2
146.6891156,148.7344671,Ci-AH39fi3Y,35,0.8
148.7344671,153.4138322,Ci-AH39fi3Y,36,-1.5
153.4138322,157.4746032,Ci-AH39fi3Y,37,2.6
157.4746032,160.20839,Ci-AH39fi3Y,38,1.8
160.20839,162.3435374,Ci-AH39fi3Y,39,2.0
162.3435374,164.6882086,Ci-AH39fi3Y,40,-2.6
164.6482993,166.0251701,Ci-AH39fi3Y,41,-2.2
166.0251701,170.7643991,Ci-AH39fi3Y,42,-2.2
171.5426304,173.5780045,Ci-AH39fi3Y,43,2.2
173.5780045,175.6632653,Ci-AH39fi3Y,44,0.2
16.93401361,23.59886621,Clx4VXItLTE,1,-1.0
23.59886621,26.78163265,Clx4VXItLTE,2,0.6
26.78163265,28.08866213,Clx4VXItLTE,3,0.4
30.78253968,33.43650794,Clx4VXItLTE,4,-0.8
37.74671202,40.44058957,Clx4VXItLTE,5,-0.6
40.44058957,45.15986395,Clx4VXItLTE,6,-0.4
45.15986395,49.16077098,Clx4VXItLTE,7,0.5
49.16077098,56.6138322,Clx4VXItLTE,8,0.8
56.6138322,61.21337868,Clx4VXItLTE,9,-1.0
61.21337868,71.04104308,Clx4VXItLTE,10,0.2
71.04104308,78.80340136,Clx4VXItLTE,11,-1.2
78.80340136,83.3829932,Clx4VXItLTE,12,-1.4
83.3829932,88.25192744,Clx4VXItLTE,13,-0.6
88.25192744,92.32267574,Clx4VXItLTE,14,1.6
92.32267574,94.83696145,Clx4VXItLTE,15,-0.75
95.97437642,102.7090703,Clx4VXItLTE,16,-1.2
102.7090703,106.670068,Clx4VXItLTE,17,-0.8
106.670068,109.4537415,Clx4VXItLTE,18,-0.5
109.4537415,110.9902494,Clx4VXItLTE,19,1.4
110.9902494,113.9036281,Clx4VXItLTE,20,1.2
113.9036281,116.5575964,Clx4VXItLTE,21,0.4
116.4179138,118.9122449,Clx4VXItLTE,22,0.8
118.9122449,124.4995465,Clx4VXItLTE,23,1.75
124.4995465,129.8573696,Clx4VXItLTE,24,0.8
129.8573696,132.5612245,Clx4VXItLTE,25,0.8
132.5612245,134.0578231,Clx4VXItLTE,26,1.0
134.0578231,136.0333333,Clx4VXItLTE,27,1.0
136.0333333,141.1217687,Clx4VXItLTE,28,0.4
158.4922902,164.7879819,Clx4VXItLTE,29,-1.0
164.7879819,172.4904762,Clx4VXItLTE,30,-2.25
174.8151927,178.5367347,Clx4VXItLTE,31,0.2
29.07641723,38.45510204,cM3Yna7AavY,1,2.2
38.45510204,41.47823129,cM3Yna7AavY,2,2.5
41.47823129,46.43696145,cM3Yna7AavY,3,1.0
46.43696145,54.83786848,cM3Yna7AavY,4,0.6
54.83786848,60.25555556,cM3Yna7AavY,5,2.8
68.67641723,80.40975057,cM3Yna7AavY,6,2.8
80.40975057,89.16984127,cM3Yna7AavY,7,3.0
115.2405896,117.345805,cM3Yna7AavY,8,-0.6
117.345805,125.3276644,cM3Yna7AavY,9,-0.2
131.1643991,133.5290249,cM3Yna7AavY,10,1.6
133.5290249,136.2727891,cM3Yna7AavY,11,2.0
136.2727891,141.8401361,cM3Yna7AavY,12,-1.0
141.8401361,143.5263039,cM3Yna7AavY,13,-1.6
143.5263039,145.6315193,cM3Yna7AavY,14,-2.6
145.6315193,148.6346939,cM3Yna7AavY,15,-2.4
154.8505669,157.9634921,cM3Yna7AavY,16,-2.8
5.480045351,12.08503401,cW1FSBF59ik,1,-2.6
12.08503401,24.57664399,cW1FSBF59ik,2,3.0
28.93673469,34.2446712,cW1FSBF59ik,3,-1.0
49.26054422,57.3521542,cW1FSBF59ik,4,1.6
57.3521542,58.5893424,cW1FSBF59ik,5,2.0
58.5893424,59.60702948,cW1FSBF59ik,6,1.2
64.20657596,65.72312925,cW1FSBF59ik,7,0.5
65.72312925,68.73628118,cW1FSBF59ik,8,1.8
68.73628118,74.61292517,cW1FSBF59ik,9,-2.4
74.61292517,82.26553288,cW1FSBF59ik,10,-1.0
82.26553288,92.11315193,cW1FSBF59ik,11,-1.0
92.11315193,98.69818594,cW1FSBF59ik,12,2.2
98.69818594,106.4904762,cW1FSBF59ik,13,2.0
106.4904762,116.8170068,cW1FSBF59ik,14,-1.2
116.8170068,129.1489796,cW1FSBF59ik,15,-2.6
129.1489796,135.7439909,cW1FSBF59ik,16,3.0
135.7439909,137.7993197,cW1FSBF59ik,17,2.4
137.7993197,144.0151927,cW1FSBF59ik,18,2.6
144.0151927,145.9707483,cW1FSBF59ik,19,0.2
145.9707483,151.777551,cW1FSBF59ik,20,2.5
151.777551,154.5911565,cW1FSBF59ik,21,1.6
154.5911565,164.1693878,cW1FSBF59ik,22,-1.0
164.1693878,174.5258503,cW1FSBF59ik,23,1.4
174.2863946,177.6786848,cW1FSBF59ik,24,0.0
3.634240363,6.018820862,cXypl4FnoZo,1,1.0
8.592970522,12.05510204,cXypl4FnoZo,2,1.0
14.3,15.70680272,cXypl4FnoZo,3,1.8
15.70680272,22.83061224,cXypl4FnoZo,4,-0.8
22.83061224,25.89365079,cXypl4FnoZo,5,1.8
25.89365079,31.73038549,cXypl4FnoZo,6,-0.6
31.73038549,33.92539683,cXypl4FnoZo,7,-1.0
33.92539683,42.58571429,cXypl4FnoZo,8,1.4
42.58571429,47.78390023,cXypl4FnoZo,9,1.2
47.78390023,50.74716553,cXypl4FnoZo,10,2.0
50.74716553,56.88321995,cXypl4FnoZo,11,1.4
56.88321995,61.56258503,cXypl4FnoZo,12,2.0
65.4537415,78.84331066,cXypl4FnoZo,13,-1.0
78.84331066,86.93492063,cXypl4FnoZo,14,-0.6
86.93492063,96.2537415,cXypl4FnoZo,15,0.0
97.15170068,101.5417234,cXypl4FnoZo,16,-0.6
101.5417234,104.8142857,cXypl4FnoZo,17,-0.6
106.8396825,113.1553288,cXypl4FnoZo,18,-0.25
113.1553288,120.7780045,cXypl4FnoZo,19,0.8
121.745805,128.5702948,cXypl4FnoZo,20,-1.0
131.0945578,137.7394558,cXypl4FnoZo,21,-0.6
137.7394558,147.7068027,cXypl4FnoZo,22,0.2
149.2133787,150.1712018,cXypl4FnoZo,23,0.4
150.1712018,159.7893424,cXypl4FnoZo,24,0.2
159.7893424,165.007483,cXypl4FnoZo,25,-1.2
165.007483,166.6138322,cXypl4FnoZo,26,0.6
166.6138322,169.6968254,cXypl4FnoZo,27,0.8
175.4038549,178.0079365,cXypl4FnoZo,28,-2.2
178.0079365,179.0655329,cXypl4FnoZo,29,-1.4
14.30997732,21.44376417,d3_k5Xpfmik,1,2.0
26.91133787,29.44557823,d3_k5Xpfmik,2,0.0
45.04013605,50.80702948,d3_k5Xpfmik,3,2.0
74.99206349,78.89319728,d3_k5Xpfmik,4,-1.0
78.89319728,82.21564626,d3_k5Xpfmik,5,2.2
82.21564626,92.26281179,d3_k5Xpfmik,6,1.6
91.8537415,100.3145125,d3_k5Xpfmik,7,0.4
100.3145125,101.8510204,d3_k5Xpfmik,8,2.2
105.961678,108.6755102,d3_k5Xpfmik,9,1.4
108.6755102,114.3326531,d3_k5Xpfmik,10,0.4
114.3326531,119.2514739,d3_k5Xpfmik,11,2.4
119.2514739,124.5993197,d3_k5Xpfmik,12,2.0
124.5993197,126.2655329,d3_k5Xpfmik,13,2.2
126.2655329,137.8092971,d3_k5Xpfmik,14,2.0
137.8092971,146.8687075,d3_k5Xpfmik,15,2.6
153.1344671,154.9303855,d3_k5Xpfmik,16,2.0
158.9412698,162.822449,d3_k5Xpfmik,17,1.6
162.822449,166.8732426,d3_k5Xpfmik,18,0.8
166.8732426,177.6687075,d3_k5Xpfmik,19,0.2
6.767120181,10.94761905,d6hH302o4v8,1,-2.8
10.94761905,13.96077098,d6hH302o4v8,2,-1.8
13.96077098,19.82743764,d6hH302o4v8,3,0.2
19.82743764,21.59342404,d6hH302o4v8,4,-1.6
21.59342404,22.45147392,d6hH302o4v8,5,-1.33333333333
22.45147392,24.0877551,d6hH302o4v8,6,-2.0
24.0877551,27.03106576,d6hH302o4v8,7,-2.8
27.03106576,27.99886621,d6hH302o4v8,8,-2.2
27.99886621,29.98435374,d6hH302o4v8,9,-2.4
29.98435374,31.92993197,d6hH302o4v8,10,-1.2
31.92993197,34.69365079,d6hH302o4v8,11,-1.0
37.74671202,40.82970522,d6hH302o4v8,12,1.4
39.83197279,43.33401361,d6hH302o4v8,13,-2.0
43.33401361,46.24739229,d6hH302o4v8,14,-1.8
46.24739229,48.30272109,d6hH302o4v8,15,-1.75
48.30272109,49.24058957,d6hH302o4v8,16,-2.0
49.24058957,50.46780045,d6hH302o4v8,17,-2.0
54.34897959,56.86326531,d6hH302o4v8,18,-2.0
56.86326531,59.40748299,d6hH302o4v8,19,-2.8
59.40748299,63.6877551,d6hH302o4v8,20,1.0
63.6877551,66.65102041,d6hH302o4v8,21,-2.4
75.19160998,78.25464853,d6hH302o4v8,22,-1.0
85.94716553,88.79070295,d6hH302o4v8,23,-2.6
88.79070295,90.87596372,d6hH302o4v8,24,-2.8
49.40022676,50.46780045,d6hH302o4v8,25,-1.6
92.65192744,94.88684807,d6hH302o4v8,26,-2.6
94.88684807,96.01428571,d6hH302o4v8,27,-2.6
96.01428571,100.4142857,d6hH302o4v8,28,-1.0
100.4142857,108.3063492,d6hH302o4v8,29,-1.8
108.3063492,109.8129252,d6hH302o4v8,30,-2.8
109.8129252,113.9734694,d6hH302o4v8,31,-1.4
113.9734694,116.1684807,d6hH302o4v8,32,-0.6
115.9290249,117.1362812,d6hH302o4v8,33,-3.0
94.88684807,96.01428571,d6hH302o4v8,34,-3.0
117.9045351,121.8755102,d6hH302o4v8,35,-1.6
121.8755102,125.8764172,d6hH302o4v8,36,-2.2
125.8764172,127.0936508,d6hH302o4v8,37,-2.2
127.0936508,129.1689342,d6hH302o4v8,38,-3.0
129.1689342,133.7984127,d6hH302o4v8,39,-3.0
125.1780045,125.8764172,d6hH302o4v8,40,-1.0
135.1553288,136.9512472,d6hH302o4v8,41,-2.4
136.9512472,139.2659864,d6hH302o4v8,42,-1.4
139.2659864,144.5739229,d6hH302o4v8,43,-2.5
0.102267574,1.77845805,Dg_0XKD0Mf4,1,-1.0
67.00022676,70.05328798,Dg_0XKD0Mf4,2,0.8
70.05328798,71.64965986,Dg_0XKD0Mf4,3,1.4
71.64965986,73.00657596,Dg_0XKD0Mf4,4,0.2
73.00657596,75.44104308,Dg_0XKD0Mf4,5,1.0
75.44104308,80.72902494,Dg_0XKD0Mf4,6,-2.4
80.72902494,83.52267574,Dg_0XKD0Mf4,7,-1.6
83.52267574,84.76984127,Dg_0XKD0Mf4,8,0.4
84.76984127,89.07006803,Dg_0XKD0Mf4,9,-1.8
89.07006803,92.37256236,Dg_0XKD0Mf4,10,-1.6
91.74399093,93.70952381,Dg_0XKD0Mf4,11,1.6
93.70952381,100.5938776,Dg_0XKD0Mf4,12,1.2
100.3643991,102.4396825,Dg_0XKD0Mf4,13,-0.6
103.7666667,105.3430839,Dg_0XKD0Mf4,14,-1.0
105.3430839,108.7453515,Dg_0XKD0Mf4,15,0.8
108.7453515,110.760771,Dg_0XKD0Mf4,16,1.2
110.760771,115.6995465,Dg_0XKD0Mf4,17,0.2
115.6995465,117.0265306,Dg_0XKD0Mf4,18,1.4
0.860544218,5.629705215,dq3Nf_lMPnE,1,0.0
13.91088435,16.58480726,dq3Nf_lMPnE,2,-1.4
16.58480726,19.0292517,dq3Nf_lMPnE,3,-1.2
19.0292517,28.72721088,dq3Nf_lMPnE,4,-0.4
28.07868481,31.10181406,dq3Nf_lMPnE,5,1.2
39.55260771,41.48820862,dq3Nf_lMPnE,6,0.8
41.48820862,45.11995465,dq3Nf_lMPnE,7,-2.0
45.11995465,49.29047619,dq3Nf_lMPnE,8,0.6
49.29047619,53.68049887,dq3Nf_lMPnE,9,-0.8
53.68049887,56.36439909,dq3Nf_lMPnE,10,1.0
56.36439909,61.87188209,dq3Nf_lMPnE,11,-0.6
61.87188209,66.33174603,dq3Nf_lMPnE,12,-1.6
66.33174603,80.3,dq3Nf_lMPnE,13,-1.2
80.3,85.42834467,dq3Nf_lMPnE,14,-1.8
85.16893424,91.7739229,dq3Nf_lMPnE,15,1.0
34.58390023,43.0446712,etzxEpPuc6I,1,0.4
43.27414966,46.97573696,etzxEpPuc6I,2,1.2
64.88503401,70.22290249,etzxEpPuc6I,3,-1.6
69.4047619,74.9122449,etzxEpPuc6I,4,0.8
74.9122449,80.669161,etzxEpPuc6I,5,0.0
80.669161,83.57256236,etzxEpPuc6I,6,0.4
83.57256236,91.42471655,etzxEpPuc6I,7,-1.2
91.42471655,97.95986395,etzxEpPuc6I,8,-1.0
97.95986395,104.8142857,etzxEpPuc6I,9,-2.8
104.8142857,109.2442177,etzxEpPuc6I,10,-1.4
109.2442177,113.8437642,etzxEpPuc6I,11,-1.6
116.7072562,117.7848073,etzxEpPuc6I,12,0.666666666667
117.7848073,126.3553288,etzxEpPuc6I,13,-2.2
126.3553288,133.5689342,etzxEpPuc6I,14,-1.2
144.1848073,145.2823129,etzxEpPuc6I,15,0.2
148.6845805,153.6732426,etzxEpPuc6I,16,-2.4
153.6732426,158.0333333,etzxEpPuc6I,17,-0.4
158.0333333,162.3235828,etzxEpPuc6I,18,1.4
162.3235828,177.5290249,etzxEpPuc6I,19,-0.5
10.44875283,13.26235828,f_pcplsH_V0,1,0.25
18.57029478,21.44376417,f_pcplsH_V0,2,1.4
29.58526077,35.15260771,f_pcplsH_V0,3,0.8
35.15260771,42.27641723,f_pcplsH_V0,4,0.5
90.24739229,99.89546485,f_pcplsH_V0,5,1.2
99.50634921,101.162585,f_pcplsH_V0,6,1.6
101.0528345,103.3675737,f_pcplsH_V0,7,0.0
103.1979592,105.2732426,f_pcplsH_V0,8,0.8
105.2732426,107.5580499,f_pcplsH_V0,9,-2.4
106.7498866,111.6587302,f_pcplsH_V0,10,1.2
111.6088435,115.130839,f_pcplsH_V0,11,-0.4
115.130839,146.1702948,f_pcplsH_V0,12,-0.8
152.1965986,153.8827664,f_pcplsH_V0,13,1.6
156.7662132,167.2623583,f_pcplsH_V0,14,-1.0
167.2623583,178.2573696,f_pcplsH_V0,15,-1.0
15.97619048,18.0814059,f9O3YtZ2VfI,1,-1.2
27.06099773,29.25600907,f9O3YtZ2VfI,2,1.25
29.25600907,32.89773243,f9O3YtZ2VfI,3,0.6
32.89773243,37.25782313,f9O3YtZ2VfI,4,-2.4
37.25782313,45.01020408,f9O3YtZ2VfI,5,-1.8
45.01020408,46.60657596,f9O3YtZ2VfI,6,-2.6
46.60657596,48.36258503,f9O3YtZ2VfI,7,-1.2
48.36258503,51.02653061,f9O3YtZ2VfI,8,-1.8
51.02653061,55.10725624,f9O3YtZ2VfI,9,-2.2
55.10725624,56.38435374,f9O3YtZ2VfI,10,-2.0
56.38435374,57.77120181,f9O3YtZ2VfI,11,-0.8
57.77120181,59.77664399,f9O3YtZ2VfI,12,-1.8
59.77664399,66.32176871,f9O3YtZ2VfI,13,-1.6
66.32176871,68.92585034,f9O3YtZ2VfI,14,1.2
68.92585034,71.35034014,f9O3YtZ2VfI,15,-1.2
71.35034014,78.19478458,f9O3YtZ2VfI,16,-1.0
76.15941043,83.23333333,f9O3YtZ2VfI,17,-2.0
83.23333333,88.43151927,f9O3YtZ2VfI,18,-1.0
88.43151927,92.07324263,f9O3YtZ2VfI,19,-0.6
92.07324263,94.96666667,f9O3YtZ2VfI,20,-0.4
94.96666667,98.21927438,f9O3YtZ2VfI,21,2.0
98.21927438,100.6537415,f9O3YtZ2VfI,22,1.4
100.6537415,103.0582766,f9O3YtZ2VfI,23,1.6
103.0582766,131.2442177,f9O3YtZ2VfI,24,-2.6
131.2442177,133.7884354,f9O3YtZ2VfI,25,-1.4
133.7884354,136.6419501,f9O3YtZ2VfI,26,1.4
136.6419501,138.8768707,f9O3YtZ2VfI,27,1.6
138.8768707,141.870068,f9O3YtZ2VfI,28,1.2
141.870068,148.1058957,f9O3YtZ2VfI,29,-2.0
148.1058957,152.5956916,f9O3YtZ2VfI,30,-1.0
15.97619048,20.81519274,fvVhgmXxadc,1,-0.4
20.81519274,27.18072562,fvVhgmXxadc,2,-2.8
27.18072562,28.94671202,fvVhgmXxadc,3,-2.2
28.94671202,31.63061224,fvVhgmXxadc,4,-2.8
42.78526077,46.56666667,fvVhgmXxadc,5,0.0
68.23741497,73.68503401,fvVhgmXxadc,6,-0.2
78.89319728,85.34852608,fvVhgmXxadc,7,-1.0
90.89591837,92.04331066,fvVhgmXxadc,8,-0.5
107.7575964,110.7208617,fvVhgmXxadc,9,-0.4
110.7208617,115.0111111,fvVhgmXxadc,10,0.0
115.0111111,120.7480726,fvVhgmXxadc,11,-0.2
165.31678,169.7566893,fvVhgmXxadc,12,0.0
169.7566893,174.9648526,fvVhgmXxadc,13,0.2
174.9648526,179.993424,fvVhgmXxadc,14,0.0
5.70952381,11.75578231,G6GlGvlkxAQ,1,2.6
11.75578231,14.04058957,G6GlGvlkxAQ,2,1.0
14.04058957,15.3276644,G6GlGvlkxAQ,3,1.2
29.61519274,31.03197279,G6GlGvlkxAQ,4,1.0
31.03197279,34.2047619,G6GlGvlkxAQ,5,1.6
36.32993197,38.86417234,G6GlGvlkxAQ,6,2.8
41.95714286,43.21428571,G6GlGvlkxAQ,7,1.6
43.21428571,44.361678,G6GlGvlkxAQ,8,0.5
48.07324263,52.16394558,G6GlGvlkxAQ,9,0.8
52.16394558,53.67052154,G6GlGvlkxAQ,10,2.2
53.67052154,56.83333333,G6GlGvlkxAQ,11,1.6
56.83333333,59.3675737,G6GlGvlkxAQ,12,-1.2
59.3675737,63.34852608,G6GlGvlkxAQ,13,-0.2
63.34852608,67.24965986,G6GlGvlkxAQ,14,-0.2
67.24965986,70.06326531,G6GlGvlkxAQ,15,-1.4
70.06326531,75.70045351,G6GlGvlkxAQ,16,0.0
75.70045351,77.77573696,G6GlGvlkxAQ,17,-0.8
77.77573696,79.46190476,G6GlGvlkxAQ,18,-0.666666666667
79.46190476,81.46734694,G6GlGvlkxAQ,19,-0.4
81.46734694,82.88412698,G6GlGvlkxAQ,20,0.0
82.88412698,84.44058957,G6GlGvlkxAQ,21,0.0
84.44058957,88.34172336,G6GlGvlkxAQ,22,0.6
88.34172336,92.33265306,G6GlGvlkxAQ,23,-1.4
95.86462585,102.7689342,G6GlGvlkxAQ,24,2.0
102.7689342,104.0360544,G6GlGvlkxAQ,25,1.8
104.0360544,106.0814059,G6GlGvlkxAQ,26,0.25
106.0814059,108.0070295,G6GlGvlkxAQ,27,-0.4
142.4986395,145.0727891,G6GlGvlkxAQ,28,0.0
165.775737,174.3462585,G6GlGvlkxAQ,29,2.4
17.11360544,22.82063492,GWuJjcEuzt8,1,1.5
22.65102041,27.52993197,GWuJjcEuzt8,2,0.75
27.52993197,31.530839,GWuJjcEuzt8,3,2.0
35.2723356,44.66099773,GWuJjcEuzt8,4,-0.4
66.7707483,69.73401361,GWuJjcEuzt8,5,-1.6
68.36712018,72.5675737,GWuJjcEuzt8,6,-1.4
72.5675737,76.19931973,GWuJjcEuzt8,7,0.75
76.19931973,78.62380952,GWuJjcEuzt8,8,-1.2
78.62380952,81.73673469,GWuJjcEuzt8,9,1.6
81.73673469,84.85963719,GWuJjcEuzt8,10,2.2
84.85963719,87.33401361,GWuJjcEuzt8,11,1.4
92.44240363,95.03650794,GWuJjcEuzt8,12,1.4
98.68820862,102.5195011,GWuJjcEuzt8,13,1.6
102.5195011,110.5412698,GWuJjcEuzt8,14,1.0
110.5412698,119.6804989,GWuJjcEuzt8,15,0.8
119.6804989,124.7090703,GWuJjcEuzt8,16,0.2
124.7090703,129.0292517,GWuJjcEuzt8,17,-0.2
129.0292517,135.4147391,GWuJjcEuzt8,18,-0.2
27.28049887,28.50770975,G-xst2euQUc,1,2.0
28.50770975,30.02426304,G-xst2euQUc,2,0.0
30.02426304,31.69047619,G-xst2euQUc,3,-1.4
37.64693878,47.22517007,G-xst2euQUc,4,-2.0
47.22517007,50.10861678,G-xst2euQUc,5,1.8
50.10861678,52.37346939,G-xst2euQUc,6,2.4
52.37346939,57.43197279,G-xst2euQUc,7,2.2
57.43197279,59.21791383,G-xst2euQUc,8,2.2
59.21791383,62.06145125,G-xst2euQUc,9,2.0
62.06145125,67.12993197,G-xst2euQUc,10,1.4
67.12993197,71.67959184,G-xst2euQUc,11,-1.4
71.67959184,75.44104308,G-xst2euQUc,12,1.8
96.71269841,100.0950113,G-xst2euQUc,13,2.4
100.0950113,102.8687075,G-xst2euQUc,14,-0.6
104.2256236,110.0623583,G-xst2euQUc,15,1.2
110.0623583,113.714059,G-xst2euQUc,16,-0.2
113.714059,118.7426304,G-xst2euQUc,17,-0.2
118.7426304,122.4142857,G-xst2euQUc,18,0.0
127.1435374,130.1267574,G-xst2euQUc,19,0.6
130.1267574,133.1498866,G-xst2euQUc,20,2.0
133.1498866,134.5068027,G-xst2euQUc,21,1.4
3.255102041,4.981179138,HEsqda8_d0Q,1,2.8
4.981179138,6.657369615,HEsqda8_d0Q,2,1.8
12.17482993,14.53945578,HEsqda8_d0Q,3,2.2
14.53945578,15.80657596,HEsqda8_d0Q,4,0.2
15.80657596,20.21655329,HEsqda8_d0Q,5,-1.0
21.68321995,23.16984127,HEsqda8_d0Q,6,2.0
43.20430839,45.32947846,HEsqda8_d0Q,7,2.4
45.32947846,51.69501134,HEsqda8_d0Q,8,1.4
51.69501134,53.90997732,HEsqda8_d0Q,9,1.4
53.90997732,57.561678,HEsqda8_d0Q,10,0.25
59.3675737,61.0537415,HEsqda8_d0Q,11,2.8
61.0537415,62.15124717,HEsqda8_d0Q,12,-0.4
62.15124717,64.0569161,HEsqda8_d0Q,13,-1.0
64.0569161,65.80294785,HEsqda8_d0Q,14,2.6
65.31405896,67.97800454,HEsqda8_d0Q,15,1.0
67.49909297,68.61655329,HEsqda8_d0Q,16,2.2
68.61655329,70.05328798,HEsqda8_d0Q,17,-0.8
70.05328798,76.67823129,HEsqda8_d0Q,18,-1.8
76.67823129,80.21020408,HEsqda8_d0Q,19,-0.2
80.21020408,82.51496599,HEsqda8_d0Q,20,2.6
82.51496599,85.18888889,HEsqda8_d0Q,21,1.4
88.67097506,92.17301587,HEsqda8_d0Q,22,0.4
97.47097506,99.76575964,HEsqda8_d0Q,23,0.0
99.76575964,102.1303855,HEsqda8_d0Q,24,1.6
102.1303855,105.5126984,HEsqda8_d0Q,25,1.8
105.5126984,107.6678005,HEsqda8_d0Q,26,-0.5
107.6678005,108.6356009,HEsqda8_d0Q,27,0.0
108.6356009,109.962585,HEsqda8_d0Q,28,2.0
109.962585,111.4092971,HEsqda8_d0Q,29,-0.4
111.4092971,113.3249433,HEsqda8_d0Q,30,2.0
113.3249433,123.561678,HEsqda8_d0Q,31,2.4
126.6546485,128.8895692,HEsqda8_d0Q,32,0.8
130.0668934,131.623356,HEsqda8_d0Q,33,0.4
134.7761905,137.8891156,HEsqda8_d0Q,34,-1.6
9.131746032,13.49183673,I5y0__X72p0,1,0.6
13.49183673,18.60022676,I5y0__X72p0,2,-0.8
19.58798186,29.89455782,I5y0__X72p0,3,-1.6
29.89455782,36.15034014,I5y0__X72p0,4,0.4
47.1154195,48.13310658,I5y0__X72p0,5,1.4
48.13310658,52.07414966,I5y0__X72p0,6,1.6
54.36893424,57.3122449,I5y0__X72p0,7,-1.4
57.3122449,60.89410431,I5y0__X72p0,8,-0.2
60.89410431,62.0015873,I5y0__X72p0,9,1.6
62.0015873,63.56802721,I5y0__X72p0,10,1.2
63.56802721,66.67097506,I5y0__X72p0,11,0.6
69.97346939,76.61836735,I5y0__X72p0,12,-0.6
81.42743764,87.29410431,I5y0__X72p0,13,0.4
92.42244898,99.02743764,I5y0__X72p0,14,-0.4
99.02743764,99.57619048,I5y0__X72p0,15,0.6
99.57619048,100.6437642,I5y0__X72p0,16,-1.0
100.6437642,103.8664399,I5y0__X72p0,17,-1.0
103.8664399,104.8442177,I5y0__X72p0,18,1.8
104.8442177,109.8328798,I5y0__X72p0,19,1.0
109.8328798,112.8260771,I5y0__X72p0,20,-1.25
112.8260771,116.7272109,I5y0__X72p0,21,-1.0
116.7272109,122.8333333,I5y0__X72p0,22,-1.6
122.8333333,124.8287982,I5y0__X72p0,23,-2.0
124.8287982,126.9639456,I5y0__X72p0,24,-2.0
126.9639456,128.4605442,I5y0__X72p0,25,1.8
128.4605442,132.6510204,I5y0__X72p0,26,-0.6
132.4315193,134.885941,I5y0__X72p0,27,-1.6
136.8514739,139.006576,I5y0__X72p0,28,1.4
139.006576,145.5217687,I5y0__X72p0,29,1.8
161.655102,163.3113379,I5y0__X72p0,30,1.6
163.3113379,163.9698413,I5y0__X72p0,31,1.6
163.9698413,164.7181406,I5y0__X72p0,32,1.5
164.7181406,166.514059,I5y0__X72p0,33,1.2
166.514059,167.7911565,I5y0__X72p0,34,0.8
167.7911565,169.9662132,I5y0__X72p0,35,1.8
169.9662132,171.8020408,I5y0__X72p0,36,-1.2
171.8020408,173.9172336,I5y0__X72p0,37,1.0
173.9172336,175.9526077,I5y0__X72p0,38,0.2
175.9526077,177.3294785,I5y0__X72p0,39,1.2
3.624263039,6.71723356,iiK8YX8oH1E,1,-2.6
6.71723356,9.880045351,iiK8YX8oH1E,2,1.2
24.02789116,25.95351474,iiK8YX8oH1E,3,-1.25
25.95351474,29.57528345,iiK8YX8oH1E,4,-2.0
29.57528345,41.57800454,iiK8YX8oH1E,5,-0.4
41.57800454,42.94489796,iiK8YX8oH1E,6,0.2
42.94489796,46.34716553,iiK8YX8oH1E,7,-1.6
46.34716553,49.130839,iiK8YX8oH1E,8,-1.0
49.130839,51.54535147,iiK8YX8oH1E,9,0.4
51.54535147,53.13174603,iiK8YX8oH1E,10,0.0
53.13174603,59.68684807,iiK8YX8oH1E,11,1.0
59.68684807,61.80204082,iiK8YX8oH1E,12,1.8
61.80204082,64.36621315,iiK8YX8oH1E,13,-2.0
64.36621315,67.96802721,iiK8YX8oH1E,14,-1.2
67.96802721,70.8414966,iiK8YX8oH1E,15,0.6
70.8414966,71.93900227,iiK8YX8oH1E,16,0.0
71.93900227,74.2537415,iiK8YX8oH1E,17,1.6
74.2537415,77.12721088,iiK8YX8oH1E,18,-1.0
16.07596372,19.71768707,Iu2PFX3z_1s,1,2.4
22.69092971,27.74943311,Iu2PFX3z_1s,2,1.2
27.74943311,32.9675737,Iu2PFX3z_1s,3,1.4
32.9675737,37.19795918,Iu2PFX3z_1s,4,0.0
48.46235828,54.27913832,Iu2PFX3z_1s,5,1.4
54.27913832,55.71587302,Iu2PFX3z_1s,6,0.6
55.71587302,57.96077098,Iu2PFX3z_1s,7,2.0
57.96077098,62.50045351,Iu2PFX3z_1s,8,0.0
62.50045351,63.80748299,Iu2PFX3z_1s,9,1.4
63.80748299,66.0723356,Iu2PFX3z_1s,10,2.2
66.0723356,70.16303855,Iu2PFX3z_1s,11,1.2
70.16303855,71.28049887,Iu2PFX3z_1s,12,1.6
71.28049887,72.54761905,Iu2PFX3z_1s,13,0.25
72.54761905,75.27142857,Iu2PFX3z_1s,14,1.4
75.27142857,81.41746032,Iu2PFX3z_1s,15,1.8
81.41746032,84.52040816,Iu2PFX3z_1s,16,1.33333333333
6.088662132,8.064172336,IumbAb8q2dM,1,0.5
8.064172336,9.36122449,IumbAb8q2dM,2,-0.5
12.37437642,15.43741497,IumbAb8q2dM,3,0.6
18.36077098,22.0324263,IumbAb8q2dM,4,2.2
22.0324263,23.59886621,IumbAb8q2dM,5,2.6
23.59886621,25.84376417,IumbAb8q2dM,6,2.4
25.84376417,32.11950113,IumbAb8q2dM,7,-0.6
32.11950113,34.48412698,IumbAb8q2dM,8,3.0
34.48412698,36.72902494,IumbAb8q2dM,9,1.8
36.72902494,44.730839,IumbAb8q2dM,10,-0.2
44.730839,50.79705215,IumbAb8q2dM,11,-1.0
50.79705215,55.18707483,IumbAb8q2dM,12,1.4
62.45056689,65.67324263,IumbAb8q2dM,13,1.8
72.8569161,78.87324263,IumbAb8q2dM,14,1.2
97.161678,99.13718821,IumbAb8q2dM,15,1.75
103.8464853,107.1390023,IumbAb8q2dM,16,2.4
107.1390023,108.6356009,IumbAb8q2dM,17,2.0
108.6356009,114.4922902,IumbAb8q2dM,18,0.8
114.4922902,117.2260771,IumbAb8q2dM,19,1.6
117.2260771,118.7126984,IumbAb8q2dM,20,2.0
118.7126984,122.1648526,IumbAb8q2dM,21,1.2
122.1648526,126.6346939,IumbAb8q2dM,22,2.2
5.230612245,9.83015873,Jkswaaud0hk,1,2.4
10.15941043,11.14716553,Jkswaaud0hk,2,2.0
11.14716553,13.37210884,Jkswaaud0hk,3,2.2
13.37210884,15.14807256,Jkswaaud0hk,4,1.0
15.14807256,17.37301587,Jkswaaud0hk,5,1.8
17.37301587,21.73310658,Jkswaaud0hk,6,0.4
21.73310658,25.10544218,Jkswaaud0hk,7,0.2
25.10544218,26.87142857,Jkswaaud0hk,8,1.6
26.87142857,28.33809524,Jkswaaud0hk,9,1.0
28.33809524,31.63061224,Jkswaaud0hk,10,-0.4
31.63061224,35.12267574,Jkswaaud0hk,11,1.8
35.12267574,38.63469388,Jkswaaud0hk,12,1.6
38.63469388,41.44829932,Jkswaaud0hk,13,1.8
41.44829932,43.01473923,Jkswaaud0hk,14,0.6
43.01473923,45.45918367,Jkswaaud0hk,15,2.0
45.45918367,47.1553288,Jkswaaud0hk,16,1.6
47.1553288,51.40566893,Jkswaaud0hk,17,0.2
51.40566893,54.13945578,Jkswaaud0hk,18,0.6
54.13945578,55.40657596,Jkswaaud0hk,19,1.8
55.40657596,56.25464853,Jkswaaud0hk,20,1.6
28.54761905,29.96439909,jUzDDGyPkXU,1,2.8
29.96439909,32.39886621,jUzDDGyPkXU,2,2.6
32.39886621,34.9829932,jUzDDGyPkXU,3,0.0
35.17256236,45.03015873,jUzDDGyPkXU,4,-1.6
45.03015873,48.90136054,jUzDDGyPkXU,5,-1.2
48.90136054,58.89863946,jUzDDGyPkXU,6,-1.6
58.89863946,64.20657596,jUzDDGyPkXU,7,-0.6
64.20657596,66.79070295,jUzDDGyPkXU,8,1.8
66.79070295,69.78390023,jUzDDGyPkXU,9,2.8
69.78390023,75.22154195,jUzDDGyPkXU,10,2.4
75.22154195,81.10816327,jUzDDGyPkXU,11,2.4
81.10816327,83.24331066,jUzDDGyPkXU,12,0.5
83.24331066,88.13219955,jUzDDGyPkXU,13,-0.6
88.13219955,90.7861678,jUzDDGyPkXU,14,0.8
90.7861678,95.37573696,jUzDDGyPkXU,15,1.33333333333
95.37573696,101.7412698,jUzDDGyPkXU,16,1.2
105.8020408,108.7453515,jUzDDGyPkXU,17,-2.8
108.7453515,111.7984127,jUzDDGyPkXU,18,-2.4
111.7984127,114.5621315,jUzDDGyPkXU,19,2.2
114.5621315,117.9743764,jUzDDGyPkXU,20,-2.2
117.9743764,122.4342404,jUzDDGyPkXU,21,-1.0
122.4342404,127.0238095,jUzDDGyPkXU,22,-2.4
127.0238095,128.8496599,jUzDDGyPkXU,23,1.2
142.8877551,149.2433107,jUzDDGyPkXU,24,-1.0
149.2433107,154.5213152,jUzDDGyPkXU,25,-2.0
160.7471655,165.8655329,jUzDDGyPkXU,26,-2.0
165.6560091,170.145805,jUzDDGyPkXU,27,-2.0
28.25827664,29.96439909,k5Y_838nuGo,1,-1.6
29.96439909,32.75804989,k5Y_838nuGo,2,1.2
78.06507937,82.7244898,k5Y_838nuGo,3,0.8
82.7244898,84.97936508,k5Y_838nuGo,4,1.0
84.97936508,87.13446712,k5Y_838nuGo,5,-1.33333333333
87.13446712,88.43151927,k5Y_838nuGo,6,2.0
88.43151927,89.91814059,k5Y_838nuGo,7,-2.4
89.91814059,92.49229025,k5Y_838nuGo,8,-1.4
92.49229025,95.24603175,k5Y_838nuGo,9,1.8
95.24603175,97.56077098,k5Y_838nuGo,10,2.0
97.56077098,101.7013605,k5Y_838nuGo,11,0.5
101.7013605,105.3031746,k5Y_838nuGo,12,0.2
105.3031746,108.6954649,k5Y_838nuGo,13,0.6
108.6954649,113.4945578,k5Y_838nuGo,14,-1.8
113.4945578,117.9843537,k5Y_838nuGo,15,-0.8
117.9843537,119.6505669,k5Y_838nuGo,16,0.25
119.6505669,121.4265306,k5Y_838nuGo,17,0.8
121.2070295,122.9630385,k5Y_838nuGo,18,0.4
122.9630385,126.085941,k5Y_838nuGo,19,-0.6
126.085941,127.5825397,k5Y_838nuGo,20,0.4
127.5825397,131.1045351,k5Y_838nuGo,21,-0.2
131.1045351,135.1154195,k5Y_838nuGo,22,0.4
134.9258503,135.8437642,k5Y_838nuGo,23,-0.2
135.8437642,137.839229,k5Y_838nuGo,24,0.6
137.529932,141.9399093,k5Y_838nuGo,25,-0.2
141.9399093,143.685941,k5Y_838nuGo,26,2.0
146.4297052,153.9326531,k5Y_838nuGo,27,-0.8
153.9326531,155.6886621,k5Y_838nuGo,28,2.0
155.6886621,158.4424036,k5Y_838nuGo,29,-0.75
172.7099773,177.070068,k5Y_838nuGo,30,1.6
178.1675737,179.993424,k5Y_838nuGo,31,-1.0
8.443310658,10.43877551,LSi-o-IrDMs,1,1.0
10.43877551,14.10045351,LSi-o-IrDMs,2,-2.0
14.10045351,17.19342404,LSi-o-IrDMs,3,0.0
17.19342404,19.93718821,LSi-o-IrDMs,4,-0.6
50.03877551,52.39342404,LSi-o-IrDMs,5,0.0
52.39342404,54.34897959,LSi-o-IrDMs,6,-2.2
54.34897959,56.27460317,LSi-o-IrDMs,7,-0.2
56.27460317,57.09274376,LSi-o-IrDMs,8,0.4
57.09274376,61.0537415,LSi-o-IrDMs,9,-1.0
61.0537415,63.98707483,LSi-o-IrDMs,10,-2.0
63.98707483,66.1122449,LSi-o-IrDMs,11,1.4
66.1122449,67.3893424,LSi-o-IrDMs,12,-0.5
81.91632653,83.14353742,LSi-o-IrDMs,13,-2.4
92.39251701,97.2814059,LSi-o-IrDMs,14,2.0
109.8827664,111.1,LSi-o-IrDMs,15,1.0
111.1,113.9335601,LSi-o-IrDMs,16,0.6
115.9888889,119.0718821,LSi-o-IrDMs,17,1.6
119.0718821,121.4764172,LSi-o-IrDMs,18,1.2
123.6814059,125.6768707,LSi-o-IrDMs,19,2.0
125.6768707,137.9489796,LSi-o-IrDMs,20,-1.2
137.7494331,141.1018141,LSi-o-IrDMs,21,2.8
141.1018141,146.2600907,LSi-o-IrDMs,22,1.8
157.3349206,159.2605442,LSi-o-IrDMs,23,1.0
159.2605442,159.8791383,LSi-o-IrDMs,24,1.8
159.8791383,161.6950113,LSi-o-IrDMs,25,0.4
161.6950113,164.60839,LSi-o-IrDMs,26,-1.2
164.60839,167.0628118,LSi-o-IrDMs,27,-0.8
166.7834467,169.068254,LSi-o-IrDMs,28,-1.6
168.5693878,180.0433107,LSi-o-IrDMs,29,1.4
14.18027211,19.20884354,lXPQBPVc5Cw,1,0.2
19.20884354,23.34943311,lXPQBPVc5Cw,2,-2.2
23.34943311,25.78390023,lXPQBPVc5Cw,3,-2.4
25.78390023,33.89546485,lXPQBPVc5Cw,4,-1.2
33.89546485,41.62789116,lXPQBPVc5Cw,5,-1.0
41.62789116,53.42108844,lXPQBPVc5Cw,6,-1.4
53.42108844,60.41519274,lXPQBPVc5Cw,7,-2.8
60.41519274,64.60566893,lXPQBPVc5Cw,8,2.6
64.60566893,72.40793651,lXPQBPVc5Cw,9,-2.6
72.40793651,86.99478458,lXPQBPVc5Cw,10,-2.2
86.99478458,87.90272109,lXPQBPVc5Cw,11,-1.8
87.90272109,90.27732426,lXPQBPVc5Cw,12,-2.0
90.27732426,92.25283447,lXPQBPVc5Cw,13,2.8
92.25283447,99.2968254,lXPQBPVc5Cw,14,-2.2
99.2968254,103.8963719,lXPQBPVc5Cw,15,-2.8
103.8963719,110.5811791,lXPQBPVc5Cw,16,0.2
110.39161,117.2560091,lXPQBPVc5Cw,17,-1.8
117.2560091,120.3390023,lXPQBPVc5Cw,18,-1.4
120.3390023,122.6836735,lXPQBPVc5Cw,19,-1.8
122.6836735,133.0401361,lXPQBPVc5Cw,20,-1.8
133.0401361,135.9834467,lXPQBPVc5Cw,21,1.8
135.9834467,140.5131519,lXPQBPVc5Cw,22,2.6
140.5131519,143.7358277,lXPQBPVc5Cw,23,-2.4
143.7358277,145.5417234,lXPQBPVc5Cw,24,-1.4
145.5417234,150.9394558,lXPQBPVc5Cw,25,-2.4
150.9394558,153.4537415,lXPQBPVc5Cw,26,-2.8
157.0555556,159.5698413,lXPQBPVc5Cw,27,-2.8
159.5698413,165.1770975,lXPQBPVc5Cw,28,0.8
165.1770975,172.8895692,lXPQBPVc5Cw,29,-1.2
172.8895692,180.0433107,lXPQBPVc5Cw,30,-2.0
27.18072562,30.72267574,MLal-t_vJPM,1,-1.2
33.20702948,35.51179138,MLal-t_vJPM,2,1.8
35.51179138,36.55941043,MLal-t_vJPM,3,1.6
36.55941043,40.09138322,MLal-t_vJPM,4,1.8
40.09138322,43.81292517,MLal-t_vJPM,5,2.2
43.81292517,46.44693878,MLal-t_vJPM,6,2.6
46.44693878,48.08321995,MLal-t_vJPM,7,2.2
48.08321995,50.09863946,MLal-t_vJPM,8,2.6
50.09863946,53.41111111,MLal-t_vJPM,9,2.0
53.41111111,54.82789116,MLal-t_vJPM,10,-1.8
56.54399093,73.17619048,MLal-t_vJPM,11,-2.8
73.17619048,79.07278912,MLal-t_vJPM,12,-2.0
79.07278912,80.45963719,MLal-t_vJPM,13,0.8
80.45963719,82.61473923,MLal-t_vJPM,14,-1.4
82.61473923,93.5,MLal-t_vJPM,15,-1.0
93.5,97.99977324,MLal-t_vJPM,16,-1.6
97.99977324,104.7045351,MLal-t_vJPM,17,-1.0
105.6324263,108.4460317,MLal-t_vJPM,18,-0.4
2.097732426,5.021088435,nbWiPyCm4g0,1,1.2
5.021088435,7.385714286,nbWiPyCm4g0,2,-2.4
7.385714286,11.35668934,nbWiPyCm4g0,3,-1.8
11.35668934,22.95034014,nbWiPyCm4g0,4,-2.2
22.95034014,31.26145125,nbWiPyCm4g0,5,-1.4
42.53582766,45.61882086,nbWiPyCm4g0,6,0.0
81.06825397,85.05918367,nbWiPyCm4g0,7,-1.2
132.9204082,139.9244898,nbWiPyCm4g0,8,-2.2
158.4124717,163.221542,nbWiPyCm4g0,9,-1.4
163.221542,168.2301587,nbWiPyCm4g0,10,1.2
3.215192744,6.966666667,Njd1F0vZSm4,1,1.2
6.966666667,11.88548753,Njd1F0vZSm4,2,2.8
11.88548753,14.23015873,Njd1F0vZSm4,3,2.4
14.23015873,17.60249433,Njd1F0vZSm4,4,2.2
17.60249433,18.55034014,Njd1F0vZSm4,5,0.2
18.55034014,21.7430839,Njd1F0vZSm4,6,1.6
23.29954649,25.38480726,Njd1F0vZSm4,7,-1.0
25.38480726,28.87687075,Njd1F0vZSm4,8,-1.8
47.31496599,56.51405896,Njd1F0vZSm4,9,-1.8
56.51405896,60.21564626,Njd1F0vZSm4,10,-0.6
60.21564626,65.86281179,Njd1F0vZSm4,11,-1.6
70.25283447,74.19387755,Njd1F0vZSm4,12,-1.8
74.19387755,78.46417234,Njd1F0vZSm4,13,0.2
5.5,10.80793651,nzpVDcQ0ywM,1,0.0
10.80793651,13.6814059,nzpVDcQ0ywM,2,-1.6
13.6814059,19.41836735,nzpVDcQ0ywM,3,0.8
19.41836735,25.95351474,nzpVDcQ0ywM,4,-1.6
25.95351474,29.75487528,nzpVDcQ0ywM,5,-0.4
29.75487528,34.05510204,nzpVDcQ0ywM,6,-1.4
34.05510204,35.84104308,nzpVDcQ0ywM,7,-1.0
35.84104308,41.82743764,nzpVDcQ0ywM,8,2.0
40.7399093,49.19070295,nzpVDcQ0ywM,9,-2.2
49.19070295,56.55396825,nzpVDcQ0ywM,10,-1.0
83.86190476,87.32403628,nzpVDcQ0ywM,11,0.0
87.32403628,90.60657596,nzpVDcQ0ywM,12,-1.4
100.9331066,106.4505669,nzpVDcQ0ywM,13,-1.0
106.4505669,112.7662132,nzpVDcQ0ywM,14,0.2
115.3603175,116.8469388,nzpVDcQ0ywM,15,-0.6
116.8469388,120.239229,nzpVDcQ0ywM,16,1.4
129.1988662,131.4637188,nzpVDcQ0ywM,17,1.6
131.4637188,137.1907029,nzpVDcQ0ywM,18,1.2
142.2891156,148.4052154,nzpVDcQ0ywM,19,-2.0
150.9893424,152.9748299,nzpVDcQ0ywM,20,0.2
156.6664399,161.9145125,nzpVDcQ0ywM,21,-1.4
161.9145125,164.1195011,nzpVDcQ0ywM,22,2.0
164.1195011,165.6160998,nzpVDcQ0ywM,23,2.0
165.6160998,167.8310658,nzpVDcQ0ywM,24,1.6
9.989795918,18.32086168,Nzq88NnDkEk,1,-0.4
18.32086168,23.33945578,Nzq88NnDkEk,2,-2.8
23.33945578,25.93356009,Nzq88NnDkEk,3,-0.4
25.93356009,28.92675737,Nzq88NnDkEk,4,-0.8
28.92675737,30.27369615,Nzq88NnDkEk,5,-0.2
30.27369615,34.92312925,Nzq88NnDkEk,6,1.8
34.92312925,39.28321995,Nzq88NnDkEk,7,1.8
39.28321995,42.78526077,Nzq88NnDkEk,8,-1.0
42.78526077,48.46235828,Nzq88NnDkEk,9,-3.0
48.46235828,53.46099773,Nzq88NnDkEk,10,-1.4
53.46099773,56.40430839,Nzq88NnDkEk,11,-2.0
56.40430839,59.59705215,Nzq88NnDkEk,12,-2.0
59.59705215,62.55034014,Nzq88NnDkEk,13,-1.8
63.0292517,68.03786848,Nzq88NnDkEk,14,-1.0
68.03786848,75.32131519,Nzq88NnDkEk,15,-1.2
75.32131519,80.03061224,Nzq88NnDkEk,16,-2.2
80.03061224,86.86507937,Nzq88NnDkEk,17,-2.2
86.86507937,91.90362812,Nzq88NnDkEk,18,-1.4
91.90362812,99.80566893,Nzq88NnDkEk,19,-2.4
99.80566893,103.6968254,Nzq88NnDkEk,20,-2.4
103.6968254,108.9648526,Nzq88NnDkEk,21,-1.2
108.7154195,112.9657596,Nzq88NnDkEk,22,-0.5
112.9657596,115.0809524,Nzq88NnDkEk,23,-2.0
115.0809524,120.5585034,Nzq88NnDkEk,24,-1.0
120.5585034,124.5793651,Nzq88NnDkEk,25,-2.8
124.5793651,133.8582766,Nzq88NnDkEk,26,-2.8
133.8582766,135.4147392,Nzq88NnDkEk,27,-2.0
135.2950113,137.6097506,Nzq88NnDkEk,28,-0.2
137.6097506,141.19161,Nzq88NnDkEk,29,1.2
141.19161,147.377551,Nzq88NnDkEk,30,-3.0
154.9104308,156.915873,Nzq88NnDkEk,31,1.6
156.915873,160.268254,Nzq88NnDkEk,32,1.8
8.044217687,8.702721088,OQvJTdtJ2H4,1,-1.0
8.702721088,10.49863946,OQvJTdtJ2H4,2,-0.8
10.49863946,14.96848073,OQvJTdtJ2H4,3,-1.6
14.96848073,21.68321995,OQvJTdtJ2H4,4,-2.0
21.68321995,23.17981859,OQvJTdtJ2H4,5,-0.8
23.17981859,26.41247166,OQvJTdtJ2H4,6,-1.0
26.41247166,33.8755102,OQvJTdtJ2H4,7,-1.6
33.8755102,37.85646259,OQvJTdtJ2H4,8,-0.8
37.85646259,44.50136054,OQvJTdtJ2H4,9,-1.8
44.50136054,47.21519274,OQvJTdtJ2H4,10,-2.0
47.21519274,49.79931973,OQvJTdtJ2H4,11,-2.2
49.79931973,52.37346939,OQvJTdtJ2H4,12,-1.25
52.37346939,54.04965986,OQvJTdtJ2H4,13,1.4
54.04965986,61.66235828,OQvJTdtJ2H4,14,-0.5
61.66235828,66.29183673,OQvJTdtJ2H4,15,-0.4
73.65510204,80.30997732,OQvJTdtJ2H4,16,-1.0
8.75260771,14.06054422,OtBXNcAL_lE,1,0.2
14.06054422,18.09138322,OtBXNcAL_lE,2,-2.6
18.09138322,21.86281179,OtBXNcAL_lE,3,-1.2
21.86281179,25.73401361,OtBXNcAL_lE,4,-2.0
25.73401361,32.38888889,OtBXNcAL_lE,5,-2.8
32.38888889,34.71360544,OtBXNcAL_lE,6,0.4
34.71360544,37.07823129,OtBXNcAL_lE,7,-2.0
37.07823129,38.69455782,OtBXNcAL_lE,8,0.2
38.69455782,39.76213152,OtBXNcAL_lE,9,1.2
39.76213152,42.07687075,OtBXNcAL_lE,10,0.4
42.07687075,45.92811791,OtBXNcAL_lE,11,0.2
45.92811791,49.68956916,OtBXNcAL_lE,12,-2.0
49.68956916,53.63061224,OtBXNcAL_lE,13,-2.2
53.63061224,55.61609977,OtBXNcAL_lE,14,-1.0
124.6092971,126.5947846,OtBXNcAL_lE,15,-0.4
129.3984127,133.1598639,OtBXNcAL_lE,16,-0.6
142.2492063,145.9907029,OtBXNcAL_lE,17,-1.2
157.9634921,158.5122449,OtBXNcAL_lE,18,-0.6
158.5122449,163.3312925,OtBXNcAL_lE,19,-1.8
163.3312925,166.7335601,OtBXNcAL_lE,20,-1.8
166.7335601,170.4151927,OtBXNcAL_lE,21,-2.0
170.4151927,172.5303855,OtBXNcAL_lE,22,-2.0
172.5303855,176.3716553,OtBXNcAL_lE,23,-0.25
176.3716553,178.5866213,OtBXNcAL_lE,24,-2.0
17.35306122,25.18526077,Oz06ZWiO20M,1,1.4
46.73628118,50.02879819,Oz06ZWiO20M,2,-2.4
50.02879819,53.44104308,Oz06ZWiO20M,3,0.0
56.15487528,59.88639456,Oz06ZWiO20M,4,1.6
59.88639456,66.87052154,Oz06ZWiO20M,5,0.2
66.87052154,74.31360544,Oz06ZWiO20M,6,-0.8
74.31360544,75.72040816,Oz06ZWiO20M,7,-2.2
75.72040816,79.9707483,Oz06ZWiO20M,8,-0.2
79.9707483,82.36530612,Oz06ZWiO20M,9,-0.2
82.36530612,89.17981859,Oz06ZWiO20M,10,0.0
89.17981859,109.992517,Oz06ZWiO20M,11,-1.6
109.992517,114.5321995,Oz06ZWiO20M,12,-0.6
114.5321995,117.5154195,Oz06ZWiO20M,13,0.6
117.5154195,123.0029478,Oz06ZWiO20M,14,1.0
123.0029478,131.0646259,Oz06ZWiO20M,15,0.2
131.0646259,138.5575964,Oz06ZWiO20M,16,-0.2
138.5575964,142.1993197,Oz06ZWiO20M,17,0.6
142.2292517,143.3068027,Oz06ZWiO20M,18,1.4
143.3068027,152.6555556,Oz06ZWiO20M,19,0.0
152.6555556,158.4324263,Oz06ZWiO20M,20,0.8
158.4324263,160.577551,Oz06ZWiO20M,21,0.4
160.577551,164.5086168,Oz06ZWiO20M,22,-1.6
164.5086168,166.4142857,Oz06ZWiO20M,23,-1.6
166.4142857,171.1535147,Oz06ZWiO20M,24,0.8
171.1535147,179.993424,Oz06ZWiO20M,25,1.8
12.82335601,15.62698413,ob23OKe5a9Q,1,1.2
15.62698413,17.28321995,ob23OKe5a9Q,2,1.0
17.28321995,21.06462585,ob23OKe5a9Q,3,-1.2
23.91814059,26.58208617,ob23OKe5a9Q,4,-1.5
43.18435374,54.27913832,ob23OKe5a9Q,5,-1.8
54.27913832,59.44739229,ob23OKe5a9Q,6,0.0
59.44739229,69.59433107,ob23OKe5a9Q,7,0.6
69.59433107,79.05283447,ob23OKe5a9Q,8,0.6
79.05283447,111.0102041,ob23OKe5a9Q,9,-1.4
111.0102041,112.3471655,ob23OKe5a9Q,10,1.25
112.3471655,125.8365079,ob23OKe5a9Q,11,0.8
125.8365079,128.8496599,ob23OKe5a9Q,12,2.8
128.8496599,133.7884354,ob23OKe5a9Q,13,1.25
133.7884354,142.7480726,ob23OKe5a9Q,14,0.8
7.226077098,9.002040816,phBUpBr1hSo,1,1.4
9.002040816,10.9276644,phBUpBr1hSo,2,2.2
10.9276644,14.69909297,phBUpBr1hSo,3,2.8
14.69909297,23.81836735,phBUpBr1hSo,4,-0.8
35.50181406,40.52040816,phBUpBr1hSo,5,-1.4
40.52040816,45.33945578,phBUpBr1hSo,6,1.6
45.33945578,58.15034014,phBUpBr1hSo,7,-1.0
64.27641723,92.46235828,phBUpBr1hSo,8,-2.2
92.46235828,104.884127,phBUpBr1hSo,9,-2.0
104.884127,107.6578231,phBUpBr1hSo,10,-1.4
107.6578231,109.3439909,phBUpBr1hSo,11,2.0
110.1022676,123.7312925,phBUpBr1hSo,12,1.8
123.7312925,125.7566893,phBUpBr1hSo,13,0.8
125.7566893,129.2986395,phBUpBr1hSo,14,-1.2
129.2986395,143.8954649,phBUpBr1hSo,15,-2.2
143.8954649,147.7566893,phBUpBr1hSo,16,-1.6
147.7566893,154.3517007,phBUpBr1hSo,17,2.0
154.3517007,155.7884354,phBUpBr1hSo,18,0.8
155.7884354,156.8659864,phBUpBr1hSo,19,2.0
156.8659864,161.6451247,phBUpBr1hSo,20,-1.25
161.6451247,166.2346939,phBUpBr1hSo,21,0.8
14.16031746,19.069161,pLTX3ipuDJI,1,-2.4
19.069161,30.19387755,pLTX3ipuDJI,2,-1.8
30.19387755,35.45192744,pLTX3ipuDJI,3,-1.2
35.45192744,44.66099773,pLTX3ipuDJI,4,-2.2
44.66099773,50.46780045,pLTX3ipuDJI,5,-2.0
50.46780045,55.61609977,pLTX3ipuDJI,6,-1.4
55.61609977,59.31768707,pLTX3ipuDJI,7,0.8
69.68412698,75.03197279,pLTX3ipuDJI,8,-2.0
75.03197279,80.72902494,pLTX3ipuDJI,9,0.0
80.72902494,86.03696145,pLTX3ipuDJI,10,-1.6
86.03696145,90.58662132,pLTX3ipuDJI,11,0.6
90.58662132,98.76802721,pLTX3ipuDJI,12,-2.0
98.76802721,101.4918367,pLTX3ipuDJI,13,-1.4
101.4918367,104.2455782,pLTX3ipuDJI,14,-2.0
104.2455782,110.39161,pLTX3ipuDJI,15,-1.4
110.39161,119.7104308,pLTX3ipuDJI,16,-1.6
15.07823129,17.22335601,POKffnXeBds,1,0.0
21.84285714,28.86689342,POKffnXeBds,2,-0.4
28.86689342,33.57619048,POKffnXeBds,3,-1.25
33.57619048,35.91088435,POKffnXeBds,4,-2.0
35.91088435,37.67687075,POKffnXeBds,5,-2.0
37.67687075,40.18117914,POKffnXeBds,6,-2.0
40.18117914,43.73310658,POKffnXeBds,7,-1.2
46.66643991,50.69727891,POKffnXeBds,8,-2.0
50.69727891,53.85011338,POKffnXeBds,9,-2.2
53.85011338,62.78979592,POKffnXeBds,10,-1.8
62.78979592,64.62562358,POKffnXeBds,11,-2.6
64.62562358,66.34172336,POKffnXeBds,12,-1.6
66.34172336,68.05782313,POKffnXeBds,13,-2.8
10.15941043,12.39433107,PZ-lDQFboO8,1,-1.4
39.0537415,41.7675737,PZ-lDQFboO8,2,-1.8
41.7675737,47.80385488,PZ-lDQFboO8,3,-1.6
47.80385488,53.63061224,PZ-lDQFboO8,4,-1.0
53.63061224,61.81201814,PZ-lDQFboO8,5,1.4
61.81201814,66.08231293,PZ-lDQFboO8,6,-1.6
66.08231293,71.130839,PZ-lDQFboO8,7,-1.6
71.130839,78.89319728,PZ-lDQFboO8,8,-0.6
78.89319728,85.38843537,PZ-lDQFboO8,9,-2.2
85.38843537,86.63560091,PZ-lDQFboO8,10,2.0
86.63560091,87.93265306,PZ-lDQFboO8,11,0.0
87.93265306,94.62743764,PZ-lDQFboO8,12,-1.6
36.3,46.48684807,QN9ZIUWUXsY,1,0.4
51.13628118,52.9521542,QN9ZIUWUXsY,2,-1.6
52.9521542,54.66825397,QN9ZIUWUXsY,3,1.2
77.83560091,82.25555556,QN9ZIUWUXsY,4,-2.4
82.25555556,85.80748299,QN9ZIUWUXsY,5,2.6
85.80748299,89.56893424,QN9ZIUWUXsY,6,0.8
92.06326531,98.21927438,QN9ZIUWUXsY,7,-1.0
98.21927438,100.6637188,QN9ZIUWUXsY,8,-1.4
100.6637188,102.4995465,QN9ZIUWUXsY,9,-2.0
102.4995465,105.562585,QN9ZIUWUXsY,10,0.8
105.562585,109.6433107,QN9ZIUWUXsY,11,-1.2
109.6433107,114.9712018,QN9ZIUWUXsY,12,-1.4
114.9712018,121.8954649,QN9ZIUWUXsY,13,1.8
121.8954649,129.2387755,QN9ZIUWUXsY,14,2.6
129.2387755,137.839229,QN9ZIUWUXsY,15,2.4
137.839229,145.9807256,QN9ZIUWUXsY,16,2.2
152.2365079,153.9825397,QN9ZIUWUXsY,17,-1.2
168.669161,171.3131519,QN9ZIUWUXsY,18,-1.8
8.61292517,13.66145125,Qr1Ca94K55A,1,3.0
44.09229025,45.23968254,Qr1Ca94K55A,2,-2.0
45.23968254,46.62653061,Qr1Ca94K55A,3,-1.6
46.62653061,53.05192744,Qr1Ca94K55A,4,1.4
66.28185941,68.80612245,Qr1Ca94K55A,5,-1.6
68.80612245,74.61292517,Qr1Ca94K55A,6,2.2
74.61292517,80.5893424,Qr1Ca94K55A,7,-0.8
82.37528345,87.07460317,Qr1Ca94K55A,8,1.6
94.8569161,96.30362812,Qr1Ca94K55A,9,1.8
96.30362812,103.7068027,Qr1Ca94K55A,10,-1.6
112.3671202,114.0333333,Qr1Ca94K55A,11,2.0
117.8446712,123.5816327,Qr1Ca94K55A,12,-1.8
123.5816327,129.4582766,Qr1Ca94K55A,13,-2.0
129.4582766,140.5430839,Qr1Ca94K55A,14,2.6
0.261904762,4.42244898,rnaNMUZpvvg,1,-2.6
6.817006803,8.712698413,rnaNMUZpvvg,2,2.25
8.712698413,10.5185941,rnaNMUZpvvg,3,-0.8
10.5185941,25.41473923,rnaNMUZpvvg,4,-2.4
25.89365079,29.13628118,rnaNMUZpvvg,5,-2.8
29.13628118,31.23151927,rnaNMUZpvvg,6,-2.6
31.23151927,33.69591837,rnaNMUZpvvg,7,-0.4
35.51179138,38.55487528,rnaNMUZpvvg,8,-1.6
38.45510204,44.79070295,rnaNMUZpvvg,9,-1.4
44.79070295,46.99569161,rnaNMUZpvvg,10,-2.6
46.99569161,50.55759637,rnaNMUZpvvg,11,-2.6
50.47777778,54.53854875,rnaNMUZpvvg,12,-1.0
54.46870748,56.70362812,rnaNMUZpvvg,13,-2.0
63.56802721,69.10544218,rnaNMUZpvvg,14,-2.6
69.10544218,78.77346939,rnaNMUZpvvg,15,-1.6
90.15759637,92.20294785,rnaNMUZpvvg,16,-1.8
115.0510204,116.7471655,rnaNMUZpvvg,17,-1.6
116.7471655,129.2188209,rnaNMUZpvvg,18,-2.2
129.3784581,134.5267574,rnaNMUZpvvg,19,-1.4
134.5267574,146.1303855,rnaNMUZpvvg,20,0.8
146.1303855,151.6977324,rnaNMUZpvvg,21,-2.6
154.6809524,161.285941,rnaNMUZpvvg,22,-2.2
15.60702948,18.96938776,Sqr0AcuoNnk,1,-0.75
18.96938776,23.41927438,Sqr0AcuoNnk,2,-1.8
23.41927438,26.29274376,Sqr0AcuoNnk,3,0.6
26.29274376,34.04512472,Sqr0AcuoNnk,4,-2.2
34.04512472,36.02063492,Sqr0AcuoNnk,5,-2.2
36.02063492,44.98027211,Sqr0AcuoNnk,6,-0.6
44.98027211,50.59750567,Sqr0AcuoNnk,7,0.8
50.59750567,53.43106576,Sqr0AcuoNnk,8,0.6
53.43106576,54.85782313,Sqr0AcuoNnk,9,2.0
54.85782313,59.79659864,Sqr0AcuoNnk,10,0.0
61.11360544,65.4138322,Sqr0AcuoNnk,11,-1.4
73.70498866,76.12947846,Sqr0AcuoNnk,12,2.0
76.12947846,92.5122449,Sqr0AcuoNnk,13,2.8
92.5122449,96.49319728,Sqr0AcuoNnk,14,1.4
96.49319728,101.2124717,Sqr0AcuoNnk,15,2.2
101.2124717,103.8464853,Sqr0AcuoNnk,16,2.0
103.8464853,109.7231293,Sqr0AcuoNnk,17,-0.2
109.7231293,111.0301587,Sqr0AcuoNnk,18,0.2
115.1408163,116.2782313,Sqr0AcuoNnk,19,-1.0
116.2782313,119.9,Sqr0AcuoNnk,20,-0.4
119.2614512,128.2709751,Sqr0AcuoNnk,21,-2.0
168.0705215,171.2034014,Sqr0AcuoNnk,22,-1.4
19.01927438,25.58435374,tIrG4oNLFzE,1,2.8
25.58435374,28.33809524,tIrG4oNLFzE,2,2.4
28.33809524,31.5707483,tIrG4oNLFzE,3,2.6
33.88548753,37.18798186,tIrG4oNLFzE,4,1.4
39.61247166,42.16666667,tIrG4oNLFzE,5,0.4
42.16666667,44.98027211,tIrG4oNLFzE,6,1.25
44.98027211,50.39795918,tIrG4oNLFzE,7,-1.4
50.39795918,67.04013605,tIrG4oNLFzE,8,-1.2
67.04013605,75.08185941,tIrG4oNLFzE,9,-1.0
75.08185941,81.42743764,tIrG4oNLFzE,10,-1.8
81.42743764,95.71496599,tIrG4oNLFzE,11,-1.6
95.71496599,98.89773243,tIrG4oNLFzE,12,-2.6
98.89773243,122.9829932,tIrG4oNLFzE,13,-2.0
122.9829932,136.2328798,tIrG4oNLFzE,14,-2.4
146.3798186,153.4337868,tIrG4oNLFzE,15,-2.0
153.4337868,160.3380952,tIrG4oNLFzE,16,-1.6
160.3380952,170.6247166,tIrG4oNLFzE,17,-0.4
170.6247166,177.3594104,tIrG4oNLFzE,18,-2.2
2.756235828,6.916780045,tmZoasNr4rU,1,0.0
6.916780045,13.66145125,tmZoasNr4rU,2,-2.0
13.66145125,15.3276644,tmZoasNr4rU,3,-2.0
19.56802721,35.43197279,tmZoasNr4rU,4,-0.8
35.43197279,39.69229025,tmZoasNr4rU,5,-0.8
42.0170068,48.8814059,tmZoasNr4rU,6,-1.8
48.8814059,64.48594104,tmZoasNr4rU,7,-1.0
64.48594104,71.95895692,tmZoasNr4rU,8,-2.0
71.95895692,82.63469388,tmZoasNr4rU,9,-0.6
85.94716553,90.54671202,tmZoasNr4rU,10,-1.8
95.5154195,98.85782313,tmZoasNr4rU,11,-0.6
98.85782313,102.2102041,tmZoasNr4rU,12,-2.2
106.0115646,115.0410431,tmZoasNr4rU,13,-0.8
115.0410431,122.793424,tmZoasNr4rU,14,-2.0
127.0038549,131.284127,tmZoasNr4rU,15,0.25
130.3163265,136.9612245,tmZoasNr4rU,16,-1.4
136.9612245,164.3689342,tmZoasNr4rU,17,-1.4
164.4687075,165.6560091,tmZoasNr4rU,18,0.0
165.6560091,172.3507937,tmZoasNr4rU,19,0.2
172.3507937,176.7208617,tmZoasNr4rU,20,-1.0
13.85102041,19.84739229,tStelxIAHjw,1,0.0
19.84739229,33.59614512,tStelxIAHjw,2,-2.0
33.59614512,34.96303855,tStelxIAHjw,3,0.5
34.96303855,45.1399093,tStelxIAHjw,4,-2.8
45.1399093,47.7739229,tStelxIAHjw,5,-2.2
47.7739229,49.01111111,tStelxIAHjw,6,1.6
49.01111111,50.37800454,tStelxIAHjw,7,1.4
52.99206349,54.49863946,tStelxIAHjw,8,-2.0
54.49863946,55.9952381,tStelxIAHjw,9,-1.4
55.9952381,58.23015873,tStelxIAHjw,10,-0.4
58.23015873,60.34535147,tStelxIAHjw,11,-2.8
60.34535147,63.65782313,tStelxIAHjw,12,-1.0
63.65782313,65.55351474,tStelxIAHjw,13,-1.6
69.60430839,70.761678,tStelxIAHjw,14,-1.8
109.1444444,115.2306122,tStelxIAHjw,15,0.4
127.4328798,128.300907,tStelxIAHjw,16,0.8
5.011111111,7.126303855,TvyZBvOMOTc,1,-0.2
20.22653061,21.47369615,TvyZBvOMOTc,2,2.2
21.47369615,26.27278912,TvyZBvOMOTc,3,2.0
26.27278912,31.71043084,TvyZBvOMOTc,4,1.4
31.71043084,33.23696145,TvyZBvOMOTc,5,1.2
33.23696145,35.91088435,TvyZBvOMOTc,6,-1.2
35.91088435,36.89863946,TvyZBvOMOTc,7,1.6
36.89863946,39.47278912,TvyZBvOMOTc,8,-1.6
39.47278912,45.86825397,TvyZBvOMOTc,9,-0.8
45.86825397,51.76485261,TvyZBvOMOTc,10,-0.4
51.76485261,54.48866213,TvyZBvOMOTc,11,1.0
54.48866213,58.13038549,TvyZBvOMOTc,12,1.4
58.13038549,60.32539683,TvyZBvOMOTc,13,1.8
60.32539683,65.98253968,TvyZBvOMOTc,14,-0.8
65.98253968,71.97891156,TvyZBvOMOTc,15,2.0
3.035600907,5.899092971,v0zCBqDeKcE,1,2.6
18.19115646,23.00022676,v0zCBqDeKcE,2,-0.4
28.5276644,33.23696145,v0zCBqDeKcE,3,0.6
33.23696145,37.67687075,v0zCBqDeKcE,4,0.0
37.67687075,40.80975057,v0zCBqDeKcE,5,2.0
80.18027211,87.48367347,v0zCBqDeKcE,6,0.8
87.43378685,95.04648526,v0zCBqDeKcE,7,1.4
99.56621315,104.3453515,v0zCBqDeKcE,8,1.8
104.3453515,106.1412698,v0zCBqDeKcE,9,1.8
106.1412698,108.3662132,v0zCBqDeKcE,10,2.2
108.3662132,119.7004535,v0zCBqDeKcE,11,1.6
143.6061224,149.8519274,v0zCBqDeKcE,12,-0.4
152.2365079,159.3802721,v0zCBqDeKcE,13,1.8
174.885034,177.7385488,v0zCBqDeKcE,14,1.5
177.7385488,179.5045351,v0zCBqDeKcE,15,2.4
179.5045351,179.993424,v0zCBqDeKcE,16,0.0
16.58480726,19.30861678,VbQk4H8hgr0,1,-2.2
19.30861678,22.74081633,VbQk4H8hgr0,2,2.0
22.62108844,25.34489796,VbQk4H8hgr0,3,-0.8
25.34489796,27.87913832,VbQk4H8hgr0,4,-2.2
27.87913832,29.20612245,VbQk4H8hgr0,5,-2.2
29.20612245,33.67596372,VbQk4H8hgr0,6,-1.8
33.67596372,36.37981859,VbQk4H8hgr0,7,-2.0
36.37981859,37.21791383,VbQk4H8hgr0,8,-0.4
37.21791383,40.35079365,VbQk4H8hgr0,9,0.6
40.35079365,41.99705215,VbQk4H8hgr0,10,-0.25
41.99705215,42.94489796,VbQk4H8hgr0,11,-1.0
42.94489796,44.31179138,VbQk4H8hgr0,12,-1.6
44.31179138,46.1675737,VbQk4H8hgr0,13,-1.6
46.1675737,48.1430839,VbQk4H8hgr0,14,-1.2
52.11405896,53.6106576,VbQk4H8hgr0,15,2.0
53.6106576,56.37437642,VbQk4H8hgr0,16,-2.0
56.37437642,62.47052154,VbQk4H8hgr0,17,-1.8
62.47052154,64.73537415,VbQk4H8hgr0,18,-2.0
64.73537415,67.22970522,VbQk4H8hgr0,19,-2.0
67.22970522,74.32358277,VbQk4H8hgr0,20,-2.0
73.66507937,75.37120181,VbQk4H8hgr0,21,-2.2
75.37120181,78.67369615,VbQk4H8hgr0,22,-2.6
78.67369615,80.28004535,VbQk4H8hgr0,23,-3.0
80.28004535,82.75442177,VbQk4H8hgr0,24,-2.8
82.75442177,86.03696145,VbQk4H8hgr0,25,-2.2
86.03696145,94.59750567,VbQk4H8hgr0,26,-1.6
94.59750567,96.47324263,VbQk4H8hgr0,27,-1.8
96.47324263,98.91768707,VbQk4H8hgr0,28,-2.0
98.91768707,101.1126984,VbQk4H8hgr0,29,-0.4
101.1126984,104.115873,VbQk4H8hgr0,30,0.0
104.115873,106.7698413,VbQk4H8hgr0,31,-1.4
106.7698413,108.146712,VbQk4H8hgr0,32,-2.8
108.146712,112.4070295,VbQk4H8hgr0,33,0.4
112.4070295,116.7770975,VbQk4H8hgr0,34,-0.2
116.7770975,122.4043084,VbQk4H8hgr0,35,-1.8
122.4043084,126.485034,VbQk4H8hgr0,36,-1.4
126.485034,129.6079365,VbQk4H8hgr0,37,-1.8
129.6079365,131.7231293,VbQk4H8hgr0,38,-0.2
131.7231293,135.1952381,VbQk4H8hgr0,39,-2.0
135.1952381,139.9743764,VbQk4H8hgr0,40,-1.2
139.9743764,143.2269841,VbQk4H8hgr0,41,-2.6
147.7566893,149.3331066,VbQk4H8hgr0,42,-2.4
149.3331066,152.3961451,VbQk4H8hgr0,43,-2.4
152.3961451,153.7630385,VbQk4H8hgr0,44,-2.0
153.7630385,156.3970522,VbQk4H8hgr0,45,-2.2
67.22970522,68.85600907,VbQk4H8hgr0,46,-1.8
157.6641723,160.1185941,VbQk4H8hgr0,47,2.2
160.1185941,163.8301587,VbQk4H8hgr0,48,-2.2
163.8301587,167.5018141,VbQk4H8hgr0,49,-1.8
167.5018141,168.5993197,VbQk4H8hgr0,50,-1.0
168.5993197,170.3553288,VbQk4H8hgr0,51,-1.2
170.3553288,173.6678005,VbQk4H8hgr0,52,0.4
173.6678005,175.2342404,VbQk4H8hgr0,53,-0.8
175.2342404,177.9281179,VbQk4H8hgr0,54,-2.4
177.9281179,179.993424,VbQk4H8hgr0,55,0.2
1.77845805,2.287301587,VCslbP0mgZI,1,-2.5
2.287301587,7.685034014,VCslbP0mgZI,2,-0.6
13.84104308,17.44285714,VCslbP0mgZI,3,0.0
31.49092971,42.30634921,VCslbP0mgZI,4,-2.6
42.30634921,50.8569161,VCslbP0mgZI,5,0.4
50.8569161,53.06190476,VCslbP0mgZI,6,2.0
53.06190476,64.87505669,VCslbP0mgZI,7,1.8
64.87505669,103.4673469,VCslbP0mgZI,8,-1.6
103.4673469,111.9879819,VCslbP0mgZI,9,-2.0
111.9879819,114.2628118,VCslbP0mgZI,10,-2.2
114.2628118,133.4492063,VCslbP0mgZI,11,-2.6
133.2596372,155.1,VCslbP0mgZI,12,-0.4
155.1,159.1707483,VCslbP0mgZI,13,1.0
159.1707483,168.1403628,VCslbP0mgZI,14,-1.6
168.1403628,175.7231293,VCslbP0mgZI,15,0.4
175.7231293,177.9181406,VCslbP0mgZI,16,-1.8
177.9181406,180.0433107,VCslbP0mgZI,17,-0.6
123.531746,128.4006803,Vj1wYRQjB-o,1,1.4
128.4006803,133.2097506,Vj1wYRQjB-o,2,2.2
133.2097506,135.1952381,Vj1wYRQjB-o,3,-0.8
135.1952381,136.9113379,Vj1wYRQjB-o,4,-0.8
158.5820862,160.0088435,Vj1wYRQjB-o,5,0.5
164.2192744,168.270068,Vj1wYRQjB-o,6,2.2
168.270068,171.0537415,Vj1wYRQjB-o,7,1.8
171.0537415,172.7099773,Vj1wYRQjB-o,8,1.6
172.7099773,174.7952381,Vj1wYRQjB-o,9,2.0
9.411111111,11.57619048,vvZ4IcEtiZc,1,2.0
11.57619048,14.28004535,vvZ4IcEtiZc,2,2.4
14.28004535,23.51904762,vvZ4IcEtiZc,3,1.4
23.51904762,32.79795918,vvZ4IcEtiZc,4,2.2
37.35759637,40.75986395,vvZ4IcEtiZc,5,1.2
40.75986395,46.90589569,vvZ4IcEtiZc,6,1.0
46.90589569,51.65510204,vvZ4IcEtiZc,7,1.4
111.0201814,117.1362812,vvZ4IcEtiZc,8,-1.5
135.7938776,144.5240363,vvZ4IcEtiZc,9,2.2
162.3235828,167.3022676,vvZ4IcEtiZc,10,-2.0
167.3022676,170.7544218,vvZ4IcEtiZc,11,1.6
170.7544218,179.993424,vvZ4IcEtiZc,12,0.2
5.909070295,8.203854875,vyB00TXsimI,1,0.0
22.39160998,30.35351474,vyB00TXsimI,2,-2.4
30.35351474,40.22108844,vyB00TXsimI,3,2.2
71.22063492,73.73492063,vyB00TXsimI,4,1.8
73.73492063,74.75260771,vyB00TXsimI,5,1.8
74.75260771,82.61473923,vyB00TXsimI,6,2.0
99.44648526,103.0782313,vyB00TXsimI,7,2.4
103.0782313,109.2641723,vyB00TXsimI,8,2.6
109.2641723,112.4868481,vyB00TXsimI,9,-0.25
112.4868481,115.5099773,vyB00TXsimI,10,1.33333333333
127.931746,132.1222222,vyB00TXsimI,11,-0.2
132.1222222,134.7562358,vyB00TXsimI,12,0.2
141.3113379,143.1272109,vyB00TXsimI,13,2.4
145.960771,148.085941,vyB00TXsimI,14,2.0
148.085941,155.6188209,vyB00TXsimI,15,2.6
155.6188209,163.7104308,vyB00TXsimI,16,0.4
163.7104308,167.8111111,vyB00TXsimI,17,1.4
167.8111111,169.6469388,vyB00TXsimI,18,2.4
169.6469388,171.1634921,vyB00TXsimI,19,1.2
171.1634921,173.777551,vyB00TXsimI,20,2.2
173.777551,176.8206349,vyB00TXsimI,21,1.2
176.8206349,179.993424,vyB00TXsimI,22,0.6
6.467800454,9.710430839,W8NXH0Djyww,1,2.8
9.710430839,10.25918367,W8NXH0Djyww,2,-0.25
10.25918367,12.44421769,W8NXH0Djyww,3,2.4
25.63424036,27.79931973,W8NXH0Djyww,4,0.6
27.79931973,31.06190476,W8NXH0Djyww,5,-0.8
39.72222222,41.05918367,W8NXH0Djyww,6,1.6
41.05918367,42.20657596,W8NXH0Djyww,7,2.0
57.03287982,63.05918367,W8NXH0Djyww,8,2.2
65.06462585,67.73854875,W8NXH0Djyww,9,2.0
67.73854875,69.27505669,W8NXH0Djyww,10,0.8
69.27505669,76.32902494,W8NXH0Djyww,11,-2.2
76.32902494,79.25238095,W8NXH0Djyww,12,2.4
86.57573696,90.07777778,W8NXH0Djyww,13,2.2
102.0804989,104.3054422,W8NXH0Djyww,14,2.2
104.3054422,106.8396825,W8NXH0Djyww,15,2.4
106.8396825,113.4945578,W8NXH0Djyww,16,2.4
113.4945578,117.3857143,W8NXH0Djyww,17,1.0
117.3857143,126.8941043,W8NXH0Djyww,18,2.2
126.8941043,129.8673469,W8NXH0Djyww,19,-0.75
131.224263,132.9403628,W8NXH0Djyww,20,-1.0
135.6142857,136.8514739,W8NXH0Djyww,21,2.6
136.8514739,141.7303855,W8NXH0Djyww,22,-0.2
141.7303855,143.1272109,W8NXH0Djyww,23,2.2
143.1272109,148.8142857,W8NXH0Djyww,24,2.6
148.8142857,153.7231293,W8NXH0Djyww,25,1.8
153.7231293,156.3371882,W8NXH0Djyww,26,2.0
156.3371882,159.3702948,W8NXH0Djyww,27,1.4
159.3702948,162.084127,W8NXH0Djyww,28,1.8
162.084127,169.5172336,W8NXH0Djyww,29,-1.5
169.5172336,170.9340136,W8NXH0Djyww,30,-0.4
170.9340136,173.5380952,W8NXH0Djyww,31,0.6
173.5380952,177.6487528,W8NXH0Djyww,32,2.0
4.432426304,8.852380952,WKA5OygbEKI,1,1.8
15.06825397,16.95396825,WKA5OygbEKI,2,2.2
45.95804989,49.69954649,WKA5OygbEKI,3,1.2
49.69954649,52.04421769,WKA5OygbEKI,4,1.8
52.04421769,58.39977324,WKA5OygbEKI,5,0.6
64.24648526,66.99024943,WKA5OygbEKI,6,-1.4
68.68639456,71.94897959,WKA5OygbEKI,7,1.6
71.94897959,74.29365079,WKA5OygbEKI,8,0.0
74.29365079,76.82789116,WKA5OygbEKI,9,1.4
76.82789116,79.73129252,WKA5OygbEKI,10,-0.4
79.73129252,81.02834467,WKA5OygbEKI,11,-0.6
81.02834467,83.19342404,WKA5OygbEKI,12,0.2
85.47823129,93.42018141,WKA5OygbEKI,13,2.0
96.77256236,100.3145125,WKA5OygbEKI,14,2.2
100.3145125,106.8895692,WKA5OygbEKI,15,1.8
106.8895692,111.9979592,WKA5OygbEKI,16,1.8
111.9979592,114.392517,WKA5OygbEKI,17,0.4
114.392517,119.3213152,WKA5OygbEKI,18,1.0
119.3213152,131.7929705,WKA5OygbEKI,19,-1.4
131.7929705,133.6886621,WKA5OygbEKI,20,0.0
133.6886621,138.976644,WKA5OygbEKI,21,1.6
170.544898,172.729932,WKA5OygbEKI,22,0.4
11.92539683,13.54172336,wMbj6ajWbic,1,0.5
22.28185941,30.73265306,wMbj6ajWbic,2,-0.8
30.73265306,33.22698413,wMbj6ajWbic,3,0.0
36.47959184,39.58253968,wMbj6ajWbic,4,1.0
65.81292517,71.69954649,wMbj6ajWbic,5,0.2
71.39024943,78.9031746,wMbj6ajWbic,6,1.8
78.9031746,81.31768707,wMbj6ajWbic,7,-1.2
81.31768707,83.43287982,wMbj6ajWbic,8,-0.2
83.43287982,85.53809524,wMbj6ajWbic,9,-2.0
85.53809524,87.16439909,wMbj6ajWbic,10,-1.8
87.16439909,90.47687075,wMbj6ajWbic,11,0.4
90.47687075,92.61201814,wMbj6ajWbic,12,1.6
92.61201814,97.36122449,wMbj6ajWbic,13,2.0
97.36122449,100.0052154,wMbj6ajWbic,14,-0.8
100.0052154,103.8664399,wMbj6ajWbic,15,2.0
103.8664399,110.7108844,wMbj6ajWbic,16,-0.4
121.0873016,126.0959184,wMbj6ajWbic,17,2.0
126.0959184,129.9571429,wMbj6ajWbic,18,-1.0
129.9571429,134.7163265,wMbj6ajWbic,19,-0.6
134.7163265,138.9367347,wMbj6ajWbic,20,-0.4
138.9367347,143.7956916,wMbj6ajWbic,21,1.6
150.6002268,155.2097506,wMbj6ajWbic,22,1.4
155.2097506,158.1530612,wMbj6ajWbic,23,1.8
158.1530612,159.8591837,wMbj6ajWbic,24,1.4
161.2460317,163.161678,wMbj6ajWbic,25,2.0
163.161678,165.0573696,wMbj6ajWbic,26,1.8
165.0573696,167.59161,wMbj6ajWbic,27,0.0
167.59161,172.5503401,wMbj6ajWbic,28,2.4
172.5503401,175.8328798,wMbj6ajWbic,29,1.8
177.6387755,179.993424,wMbj6ajWbic,30,0.8
5.859183673,7.575283447,X3j2zQgwYgE,1,0.8
41.67777778,48.66190476,X3j2zQgwYgE,2,-1.6
48.66190476,50.86689342,X3j2zQgwYgE,3,-2.0
50.86689342,52.31360544,X3j2zQgwYgE,4,0.2
52.31360544,54.02970522,X3j2zQgwYgE,5,-2.2
54.02970522,55.6260771,X3j2zQgwYgE,6,-0.4
55.6260771,57.99070295,X3j2zQgwYgE,7,0.0
57.99070295,60.86417234,X3j2zQgwYgE,8,0.0
60.86417234,66.68095238,X3j2zQgwYgE,9,-2.2
69.72403628,72.92675737,X3j2zQgwYgE,10,-1.2
72.92675737,75.05192744,X3j2zQgwYgE,11,0.4
4.701814059,9.351247166,yDtzw_Y-7RU,1,0.8
11.9952381,22.93038549,yDtzw_Y-7RU,2,0.8
33.12721088,38.7244898,yDtzw_Y-7RU,3,0.75
38.7244898,46.05782313,yDtzw_Y-7RU,4,-1.0
50.87687075,56.76349206,yDtzw_Y-7RU,5,0.5
56.76349206,66.70090703,yDtzw_Y-7RU,6,-1.2
66.70090703,71.06099773,yDtzw_Y-7RU,7,-0.2
71.06099773,72.86689342,yDtzw_Y-7RU,8,-1.5
75.10181406,86.64557823,yDtzw_Y-7RU,9,-1.0
86.64557823,89.25963719,yDtzw_Y-7RU,10,-0.6
97.87006803,102.4496599,yDtzw_Y-7RU,11,-1.4
102.4496599,107.2587302,yDtzw_Y-7RU,12,-0.666666666667
107.2587302,115.529932,yDtzw_Y-7RU,13,-1.8
123.4818594,131.6133787,yDtzw_Y-7RU,14,2.2
133.0800454,135.6342404,yDtzw_Y-7RU,15,0.6
136.5820862,144.3145125,yDtzw_Y-7RU,16,0.6
144.3145125,152.7054422,yDtzw_Y-7RU,17,0.2
152.7054422,158.2827664,yDtzw_Y-7RU,18,-2.0
158.2827664,161.0165533,yDtzw_Y-7RU,19,-1.6
164.6482993,167.2324263,yDtzw_Y-7RU,20,-0.6
171.3430839,173.807483,yDtzw_Y-7RU,21,0.2
173.807483,175.3040816,yDtzw_Y-7RU,22,2.0
175.3040816,178.3671202,yDtzw_Y-7RU,23,2.2
178.3671202,180.0433107,yDtzw_Y-7RU,24,-0.8
0.052380952,8.533106576,yvsjCA6Y5Fc,1,-2.0
8.533106576,10.83786848,yvsjCA6Y5Fc,2,-1.2
23.10997732,27.32040816,yvsjCA6Y5Fc,3,-2.0
27.32040816,33.00748299,yvsjCA6Y5Fc,4,-0.2
33.00748299,34.40430839,yvsjCA6Y5Fc,5,0.4
42.90498866,45.36938776,yvsjCA6Y5Fc,6,0.0
45.36938776,46.84603175,yvsjCA6Y5Fc,7,-1.8
46.84603175,53.62063492,yvsjCA6Y5Fc,8,0.4
55.85555556,60.93401361,yvsjCA6Y5Fc,9,-1.4
60.93401361,68.72630385,yvsjCA6Y5Fc,10,-2.0
74.60294785,78.59387755,yvsjCA6Y5Fc,11,2.0
78.59387755,89.18979592,yvsjCA6Y5Fc,12,-0.6
93.18072562,97.07188209,yvsjCA6Y5Fc,13,-2.0
97.07188209,101.4818594,yvsjCA6Y5Fc,14,-1.0
101.4818594,106.8097506,yvsjCA6Y5Fc,15,-2.0
106.8097506,124.3099773,yvsjCA6Y5Fc,16,-1.8
124.3099773,129.069161,yvsjCA6Y5Fc,17,-0.6
129.069161,137.6097506,yvsjCA6Y5Fc,18,-2.2
137.6097506,148.7643991,yvsjCA6Y5Fc,19,-1.6
153.0147392,155.0102041,yvsjCA6Y5Fc,20,0.8
155.0102041,162.6029478,yvsjCA6Y5Fc,21,-1.8
162.6029478,163.8800454,yvsjCA6Y5Fc,22,-1.6
163.8800454,179.993424,yvsjCA6Y5Fc,23,-1.2
5.879138322,9.660544218,ZAIRrfG22O0,1,-2.0
9.660544218,12.2446712,ZAIRrfG22O0,2,-2.6
12.2446712,14.09047619,ZAIRrfG22O0,3,0.6
14.09047619,17.66235828,ZAIRrfG22O0,4,-2.4
17.66235828,21.83287982,ZAIRrfG22O0,5,1.25
21.83287982,29.52539683,ZAIRrfG22O0,6,1.4
29.52539683,33.63605442,ZAIRrfG22O0,7,-1.6
33.63605442,39.12358277,ZAIRrfG22O0,8,-1.6
47.01564626,53.39115646,ZAIRrfG22O0,9,-1.6
6.826984127,12.08503401,zhpQhgha_KU,1,-1.6
19.7675737,22.67097506,zhpQhgha_KU,2,1.6
22.67097506,30.56303855,zhpQhgha_KU,3,-1.6
30.56303855,32.34897959,zhpQhgha_KU,4,-1.6
32.34897959,35.80113379,zhpQhgha_KU,5,-2.2
35.80113379,37.72675737,zhpQhgha_KU,6,1.0
37.72675737,38.99387755,zhpQhgha_KU,7,1.0
38.99387755,44.19206349,zhpQhgha_KU,8,-1.0
44.19206349,47.31496599,zhpQhgha_KU,9,-1.0
47.31496599,56.35442177,zhpQhgha_KU,10,0.6
56.35442177,61.02380952,zhpQhgha_KU,11,-2.4
61.02380952,66.02244898,zhpQhgha_KU,12,-1.4
66.02244898,67.68866213,zhpQhgha_KU,13,-1.0
70.15306122,72.91678005,zhpQhgha_KU,14,-1.5
72.91678005,82.84421769,zhpQhgha_KU,15,-2.0
82.84421769,86.63560091,zhpQhgha_KU,16,1.8
86.63560091,89.81836735,zhpQhgha_KU,17,1.75
89.81836735,92.57210884,zhpQhgha_KU,18,0.6
92.57210884,99.11723356,zhpQhgha_KU,19,-0.8
99.11723356,100.2147392,zhpQhgha_KU,20,-1.4
100.2147392,103.9263039,zhpQhgha_KU,21,0.6
103.9263039,105.4628118,zhpQhgha_KU,22,0.6
105.4628118,109.4238095,zhpQhgha_KU,23,-0.5
109.4238095,111.2197279,zhpQhgha_KU,24,0.0
111.2197279,114.9512472,zhpQhgha_KU,25,1.0
114.9512472,116.607483,zhpQhgha_KU,26,0.0
116.607483,117.7748299,zhpQhgha_KU,27,0.8
117.5653061,120.1095238,zhpQhgha_KU,28,1.4
120.1095238,123.2424036,zhpQhgha_KU,29,-1.2
127.4727891,131.0047619,zhpQhgha_KU,30,-2.0
131.0047619,137.1408163,zhpQhgha_KU,31,-1.0
137.1408163,143.1471655,zhpQhgha_KU,32,0.8
143.1471655,147.8664399,zhpQhgha_KU,33,-0.4
158.1331066,159.869161,zhpQhgha_KU,34,1.2
159.869161,166.484127,zhpQhgha_KU,35,0.6
1.608843537,7.874603175,ZUXBRvtny7o,1,2.25
7.874603175,10.33900227,ZUXBRvtny7o,2,-1.4
10.33900227,13.42199546,ZUXBRvtny7o,3,1.0
13.42199546,15.37755102,ZUXBRvtny7o,4,1.8
15.37755102,18.11133787,ZUXBRvtny7o,5,1.4
18.11133787,21.58344671,ZUXBRvtny7o,6,0.4
34.04512472,40.56031746,ZUXBRvtny7o,7,2.4
40.56031746,53.11179138,ZUXBRvtny7o,8,-1.4
53.11179138,56.60385488,ZUXBRvtny7o,9,1.4
56.60385488,59.3276644,ZUXBRvtny7o,10,1.25
61.00385488,65.10453515,ZUXBRvtny7o,11,2.6
67.58888889,73.08639456,ZUXBRvtny7o,12,1.8
73.08639456,75.2414966,ZUXBRvtny7o,13,2.2
75.2414966,78.19478458,ZUXBRvtny7o,14,2.6
78.19478458,80.45963719,ZUXBRvtny7o,15,0.8
85.05918367,89.96802721,ZUXBRvtny7o,16,-2.0
89.96802721,104.8641723,ZUXBRvtny7o,17,1.6
104.8641723,107.9870748,ZUXBRvtny7o,18,2.0
107.9870748,111.0002268,ZUXBRvtny7o,19,0.0
111.0002268,114.3426304,ZUXBRvtny7o,20,0.25
114.3426304,117.9444444,ZUXBRvtny7o,21,2.0
117.9444444,119.5108844,ZUXBRvtny7o,22,0.75
118.024263,119.5108844,ZUXBRvtny7o,23,0.8
121.2968254,124.1503401,ZUXBRvtny7o,24,2.0
124.1503401,129.3984127,ZUXBRvtny7o,25,1.8
124.1503401,137.9489796,ZUXBRvtny7o,26,2.2
137.9489796,140.6229025,ZUXBRvtny7o,27,1.33333333333
140.6229025,145.0328798,ZUXBRvtny7o,28,-1.2
145.0328798,147.2179138,ZUXBRvtny7o,29,2.2
147.2179138,153.7031746,ZUXBRvtny7o,30,0.4
157.2650794,161.2560091,ZUXBRvtny7o,31,1.4
161.2560091,173.0492063,ZUXBRvtny7o,32,0.4
173.0492063,175.224263,ZUXBRvtny7o,33,0.8
175.224263,180.0433107,ZUXBRvtny7o,34,2.4
